session_date,v2_daily_pnl,v2_cumulative,v2_peak,v2_drawdown,base_daily_pnl,base_cumulative
2019-05-15,60.0,60.0,60.0,0.0,-60.0,-60.0
2019-05-17,-60.0,0.0,60.0,-60.0,60.0,0.0
2019-05-20,0.0,0.0,60.0,-60.0,-60.0,-60.0
2019-05-22,-17.5,-17.5,60.0,-77.5,-17.5,-77.5
2019-06-07,14.0,-3.5,60.0,-63.5,-14.0,-91.5
2019-06-11,-60.0,-63.5,60.0,-123.5,-60.0,-151.5
2019-06-17,13.0,-50.5,60.0,-110.5,-13.0,-164.5
2019-06-24,0.0,-50.5,60.0,-110.5,10.5,-154.0
2019-06-27,60.0,9.5,60.0,-50.5,60.0,-94.0
2019-07-08,-36.0,-26.5,60.0,-86.5,36.0,-58.0
2019-07-09,0.0,-26.5,60.0,-86.5,-60.0,-118.0
2019-07-22,-5.0,-31.5,60.0,-91.5,5.0,-113.0
2019-07-23,60.0,28.5,60.0,-31.5,-60.0,-173.0
2019-07-25,0.5,29.0,60.0,-31.0,-0.5,-173.5
2019-07-29,17.5,46.5,60.0,-13.5,-17.5,-191.0
2019-07-30,-12.0,34.5,60.0,-25.5,12.0,-179.0
2019-07-31,-18.0,16.5,60.0,-43.5,18.0,-161.0
2019-08-01,237.5,254.0,254.0,0.0,-237.5,-398.5
2019-08-02,-60.0,194.0,254.0,-60.0,-60.0,-458.5
2019-08-05,0.0,194.0,254.0,-60.0,60.0,-398.5
2019-08-06,-60.0,134.0,254.0,-120.0,120.0,-278.5
2019-08-07,0.0,134.0,254.0,-120.0,-180.0,-458.5
2019-08-08,60.0,194.0,254.0,-60.0,0.0,-458.5
2019-08-09,-60.0,134.0,254.0,-120.0,120.0,-338.5
2019-08-12,60.0,194.0,254.0,-60.0,158.5,-180.0
2019-08-13,0.0,194.0,254.0,-60.0,0.0,-180.0
2019-08-14,0.0,194.0,254.0,-60.0,49.0,-131.0
2019-08-15,0.0,194.0,254.0,-60.0,31.0,-100.0
2019-08-16,-97.5,96.5,254.0,-157.5,-82.5,-182.5
2019-08-19,26.0,122.5,254.0,-131.5,26.0,-156.5
2019-08-20,-20.0,102.5,254.0,-151.5,-20.0,-176.5
2019-08-22,60.0,162.5,254.0,-91.5,-180.0,-356.5
2019-08-23,19.5,182.0,254.0,-72.0,-79.5,-436.0
2019-08-26,60.0,242.0,254.0,-12.0,60.0,-376.0
2019-08-27,88.5,330.5,330.5,0.0,-88.5,-464.5
2019-08-28,0.0,330.5,330.5,0.0,-136.0,-600.5
2019-08-29,-60.0,270.5,330.5,-60.0,133.5,-467.0
2019-08-30,60.0,330.5,330.5,0.0,-240.0,-707.0
2019-09-03,60.0,390.5,390.5,0.0,-60.0,-767.0
2019-09-04,29.0,419.5,419.5,0.0,91.0,-676.0
2019-09-10,-15.5,404.0,419.5,-15.5,15.5,-660.5
2019-09-11,0.0,404.0,419.5,-15.5,-33.5,-694.0
2019-09-12,-60.0,344.0,419.5,-75.5,0.0,-694.0
2019-09-13,-8.5,335.5,419.5,-84.0,8.5,-685.5
2019-09-16,22.5,358.0,419.5,-61.5,22.5,-663.0
2019-09-17,23.0,381.0,419.5,-38.5,23.0,-640.0
2019-09-19,-10.0,371.0,419.5,-48.5,10.0,-630.0
2019-09-20,0.0,371.0,419.5,-48.5,-44.5,-674.5
2019-09-23,32.0,403.0,419.5,-16.5,32.0,-642.5
2019-09-24,114.5,517.5,517.5,0.0,5.5,-637.0
2019-09-25,0.0,517.5,517.5,0.0,-209.5,-846.5
2019-09-26,-60.0,457.5,517.5,-60.0,67.0,-779.5
2019-09-27,-52.5,405.0,517.5,-112.5,-52.5,-832.0
2019-09-30,60.0,465.0,517.5,-52.5,26.5,-805.5
2019-10-01,157.5,622.5,622.5,0.0,-157.5,-963.0
2019-10-02,120.0,742.5,742.5,0.0,-146.5,-1109.5
2019-10-03,58.0,800.5,800.5,0.0,122.0,-987.5
2019-10-04,-159.5,641.0,800.5,-159.5,-39.5,-1027.0
2019-10-07,0.0,641.0,800.5,-159.5,-61.0,-1088.0
2019-10-08,-51.5,589.5,800.5,-211.0,-68.5,-1156.5
2019-10-09,60.0,649.5,800.5,-151.0,60.0,-1096.5
2019-10-10,0.0,649.5,800.5,-151.0,-194.0,-1290.5
2019-10-11,89.0,738.5,800.5,-62.0,-89.0,-1379.5
2019-10-14,-40.0,698.5,800.5,-102.0,-59.5,-1439.0
2019-10-15,59.5,758.0,800.5,-42.5,-59.5,-1498.5
2019-10-16,10.5,768.5,800.5,-32.0,10.5,-1488.0
2019-10-17,73.5,842.0,842.0,0.0,46.5,-1441.5
2019-10-18,-3.0,839.0,842.0,-3.0,-32.5,-1474.0
2019-10-21,52.0,891.0,891.0,0.0,52.0,-1422.0
2019-10-22,-21.0,870.0,891.0,-21.0,-122.0,-1544.0
2019-10-23,0.0,870.0,891.0,-21.0,108.5,-1435.5
2019-10-24,6.5,876.5,891.0,-14.5,41.0,-1394.5
2019-10-25,300.0,1176.5,1176.5,0.0,-300.0,-1694.5
2019-11-08,-60.0,1116.5,1176.5,-60.0,60.0,-1634.5
2019-11-11,0.0,1116.5,1176.5,-60.0,-3.5,-1638.0
2019-11-14,20.0,1136.5,1176.5,-40.0,20.0,-1618.0
2019-11-22,-45.5,1091.0,1176.5,-85.5,-60.0,-1678.0
2019-12-02,60.0,1151.0,1176.5,-25.5,-60.0,-1738.0
2019-12-03,0.0,1151.0,1176.5,-25.5,60.0,-1678.0
2019-12-04,4.0,1155.0,1176.5,-21.5,4.0,-1674.0
2019-12-10,0.0,1155.0,1176.5,-21.5,-59.0,-1733.0
2019-12-11,0.0,1155.0,1176.5,-21.5,1.5,-1731.5
2020-01-28,0.0,1155.0,1176.5,-21.5,60.0,-1671.5
2020-01-30,-45.0,1110.0,1176.5,-66.5,45.0,-1626.5
2020-01-31,-32.5,1077.5,1176.5,-99.0,-32.5,-1659.0
2020-02-13,0.0,1077.5,1176.5,-99.0,-60.0,-1719.0
2020-02-25,-120.0,957.5,1176.5,-219.0,120.0,-1599.0
2020-02-26,0.0,957.5,1176.5,-219.0,-60.0,-1659.0
2020-02-27,-60.0,897.5,1176.5,-279.0,60.0,-1599.0
2020-02-28,0.0,897.5,1176.5,-279.0,85.5,-1513.5
2020-03-02,0.0,897.5,1176.5,-279.0,120.0,-1393.5
2020-03-03,-120.0,777.5,1176.5,-399.0,120.0,-1273.5
2020-03-04,60.0,837.5,1176.5,-339.0,60.0,-1213.5
2020-03-05,60.0,897.5,1176.5,-279.0,60.0,-1153.5
2020-03-06,0.0,897.5,1176.5,-279.0,-180.0,-1333.5
2020-03-10,113.5,1011.0,1176.5,-165.5,6.5,-1327.0
2020-03-11,0.0,1011.0,1176.5,-165.5,60.0,-1267.0
2020-03-13,180.0,1191.0,1191.0,0.0,60.0,-1207.0
2020-03-25,-60.0,1131.0,1191.0,-60.0,-60.0,-1267.0
2020-03-26,0.0,1131.0,1191.0,-60.0,-12.0,-1279.0
2020-03-27,0.0,1131.0,1191.0,-60.0,0.0,-1279.0
2020-03-30,-120.0,1011.0,1191.0,-180.0,-459.5,-1738.5
2020-03-31,102.0,1113.0,1191.0,-78.0,-318.0,-2056.5
2020-04-01,60.0,1173.0,1191.0,-18.0,0.0,-2056.5
2020-04-02,-60.0,1113.0,1191.0,-78.0,60.0,-1996.5
2020-04-03,-120.0,993.0,1191.0,-198.0,-240.0,-2236.5
2020-04-06,48.5,1041.5,1191.0,-149.5,-168.5,-2405.0
2020-04-07,-120.0,921.5,1191.0,-269.5,-60.0,-2465.0
2020-04-08,-60.0,861.5,1191.0,-329.5,-120.0,-2585.0
2020-04-09,60.0,921.5,1191.0,-269.5,-300.0,-2885.0
2020-04-13,60.0,981.5,1191.0,-209.5,60.0,-2825.0
2020-04-14,-60.0,921.5,1191.0,-269.5,60.0,-2765.0
2020-04-16,0.0,921.5,1191.0,-269.5,-60.0,-2825.0
2020-04-17,0.0,921.5,1191.0,-269.5,-48.5,-2873.5
2020-04-20,60.0,981.5,1191.0,-209.5,60.0,-2813.5
2020-04-21,180.0,1161.5,1191.0,-29.5,-120.0,-2933.5
2020-04-22,60.0,1221.5,1221.5,0.0,120.0,-2813.5
2020-04-23,-10.5,1211.0,1221.5,-10.5,49.5,-2764.0
2020-04-24,0.0,1211.0,1221.5,-10.5,60.0,-2704.0
2020-04-27,0.0,1211.0,1221.5,-10.5,60.0,-2644.0
2020-04-28,60.0,1271.0,1271.0,0.0,-60.0,-2704.0
2020-04-29,-60.0,1211.0,1271.0,-60.0,-60.0,-2764.0
2020-04-30,0.0,1211.0,1271.0,-60.0,60.0,-2704.0
2020-05-01,0.0,1211.0,1271.0,-60.0,60.0,-2644.0
2020-05-04,0.0,1211.0,1271.0,-60.0,0.0,-2644.0
2020-05-06,0.0,1211.0,1271.0,-60.0,0.0,-2644.0
2020-05-07,0.0,1211.0,1271.0,-60.0,60.0,-2584.0
2020-05-08,-19.0,1192.0,1271.0,-79.0,-19.0,-2603.0
2020-05-13,-120.0,1072.0,1271.0,-199.0,-240.0,-2843.0
2020-05-14,0.0,1072.0,1271.0,-199.0,60.0,-2783.0
2020-05-15,60.0,1132.0,1271.0,-139.0,60.0,-2723.0
2020-05-22,0.0,1132.0,1271.0,-139.0,-60.0,-2783.0
2020-06-01,60.0,1192.0,1271.0,-79.0,60.0,-2723.0
2020-06-02,-60.0,1132.0,1271.0,-139.0,60.0,-2663.0
2020-06-12,0.0,1132.0,1271.0,-139.0,0.0,-2663.0
2020-06-15,0.0,1132.0,1271.0,-139.0,-60.0,-2723.0
2020-06-18,60.0,1192.0,1271.0,-79.0,60.0,-2663.0
2020-06-25,60.0,1252.0,1271.0,-19.0,-60.0,-2723.0
2020-06-26,60.0,1312.0,1312.0,0.0,-60.0,-2783.0
2020-06-30,60.0,1372.0,1372.0,0.0,-60.0,-2843.0
2020-07-29,0.0,1372.0,1372.0,0.0,60.0,-2783.0
2020-07-30,60.0,1432.0,1432.0,0.0,0.0,-2783.0
2020-08-12,60.0,1492.0,1492.0,0.0,-60.0,-2843.0
2020-09-09,0.0,1492.0,1492.0,0.0,60.0,-2783.0
2020-09-11,-60.0,1432.0,1492.0,-60.0,-60.0,-2843.0
2020-09-15,60.0,1492.0,1492.0,0.0,60.0,-2783.0
2020-09-16,60.0,1552.0,1552.0,0.0,60.0,-2723.0
2020-09-17,-60.0,1492.0,1552.0,-60.0,-60.0,-2783.0
2020-09-18,0.0,1492.0,1552.0,-60.0,120.0,-2663.0
2020-09-22,0.0,1492.0,1552.0,-60.0,60.0,-2603.0
2020-09-25,0.0,1492.0,1552.0,-60.0,-120.0,-2723.0
2020-09-30,60.0,1552.0,1552.0,0.0,-60.0,-2783.0
2020-10-02,-60.0,1492.0,1552.0,-60.0,60.0,-2723.0
2020-10-06,0.0,1492.0,1552.0,-60.0,0.0,-2723.0
2020-10-22,-60.0,1432.0,1552.0,-120.0,-60.0,-2783.0
2020-10-26,-18.5,1413.5,1552.0,-138.5,18.5,-2764.5
2020-10-27,0.0,1413.5,1552.0,-138.5,60.0,-2704.5
2020-10-28,60.0,1473.5,1552.0,-78.5,-60.0,-2764.5
2020-10-29,-60.0,1413.5,1552.0,-138.5,-50.0,-2814.5
2020-10-30,-60.0,1353.5,1552.0,-198.5,60.0,-2754.5
2020-11-02,0.0,1353.5,1552.0,-198.5,120.0,-2634.5
2020-11-03,-60.0,1293.5,1552.0,-258.5,-60.0,-2694.5
2020-11-04,-60.0,1233.5,1552.0,-318.5,0.0,-2694.5
2020-11-10,60.0,1293.5,1552.0,-258.5,60.0,-2634.5
2020-11-18,0.0,1293.5,1552.0,-258.5,-60.0,-2694.5
2020-11-19,0.0,1293.5,1552.0,-258.5,-9.0,-2703.5
2020-11-20,60.0,1353.5,1552.0,-198.5,120.0,-2583.5
2020-11-23,0.0,1353.5,1552.0,-198.5,0.0,-2583.5
2020-11-24,0.0,1353.5,1552.0,-198.5,-60.0,-2643.5
2020-11-30,-60.0,1293.5,1552.0,-258.5,-60.0,-2703.5
2020-12-15,60.0,1353.5,1552.0,-198.5,60.0,-2643.5
2020-12-21,0.0,1353.5,1552.0,-198.5,-60.0,-2703.5
2021-01-04,60.0,1413.5,1552.0,-138.5,-60.0,-2763.5
2021-01-06,-60.0,1353.5,1552.0,-198.5,-60.0,-2823.5
2021-01-07,60.0,1413.5,1552.0,-138.5,-60.0,-2883.5
2021-01-12,0.0,1413.5,1552.0,-138.5,60.0,-2823.5
2021-01-15,0.0,1413.5,1552.0,-138.5,-60.0,-2883.5
2021-01-19,0.0,1413.5,1552.0,-138.5,60.0,-2823.5
2021-02-19,-60.0,1353.5,1552.0,-198.5,60.0,-2763.5
2021-02-23,60.0,1413.5,1552.0,-138.5,-60.0,-2823.5
2021-02-26,-60.0,1353.5,1552.0,-198.5,0.0,-2823.5
2021-03-03,0.0,1353.5,1552.0,-198.5,0.0,-2823.5
2021-03-04,0.0,1353.5,1552.0,-198.5,180.0,-2643.5
2021-03-05,0.0,1353.5,1552.0,-198.5,34.5,-2609.0
2021-03-08,-60.0,1293.5,1552.0,-258.5,-60.0,-2669.0
2021-03-09,-60.0,1233.5,1552.0,-318.5,-120.0,-2789.0
2021-03-10,0.0,1233.5,1552.0,-318.5,-60.0,-2849.0
2021-03-11,120.0,1353.5,1552.0,-198.5,120.0,-2729.0
2021-03-12,0.0,1353.5,1552.0,-198.5,60.0,-2669.0
2021-03-15,60.0,1413.5,1552.0,-138.5,0.0,-2669.0
2021-03-18,-60.0,1353.5,1552.0,-198.5,0.0,-2669.0
2021-03-19,0.0,1353.5,1552.0,-198.5,60.0,-2609.0
2021-03-24,0.0,1353.5,1552.0,-198.5,0.0,-2609.0
2021-03-25,60.0,1413.5,1552.0,-138.5,120.0,-2489.0
2021-03-26,60.0,1473.5,1552.0,-78.5,60.0,-2429.0
2021-03-29,60.0,1533.5,1552.0,-18.5,-180.0,-2609.0
2021-03-30,0.0,1533.5,1552.0,-18.5,136.0,-2473.0
2021-04-06,0.0,1533.5,1552.0,-18.5,6.5,-2466.5
2021-04-20,-60.0,1473.5,1552.0,-78.5,-60.0,-2526.5
2021-04-21,0.0,1473.5,1552.0,-78.5,6.0,-2520.5
2021-04-23,0.0,1473.5,1552.0,-78.5,-60.0,-2580.5
2021-05-03,-60.0,1413.5,1552.0,-138.5,60.0,-2520.5
2021-05-04,60.0,1473.5,1552.0,-78.5,-60.0,-2580.5
2021-05-05,0.0,1473.5,1552.0,-78.5,0.0,-2580.5
2021-05-10,60.0,1533.5,1552.0,-18.5,-60.0,-2640.5
2021-05-12,0.0,1533.5,1552.0,-18.5,60.0,-2580.5
2021-05-13,60.0,1593.5,1593.5,0.0,60.0,-2520.5
2021-05-19,-60.0,1533.5,1593.5,-60.0,0.0,-2520.5
2021-05-21,60.0,1593.5,1593.5,0.0,60.0,-2460.5
2021-05-24,-42.5,1551.0,1593.5,-42.5,-77.5,-2538.0
2021-05-25,0.0,1551.0,1593.5,-42.5,-70.5,-2608.5
2021-05-26,60.0,1611.0,1611.0,0.0,60.0,-2548.5
2021-05-27,1.0,1612.0,1612.0,0.0,-41.5,-2590.0
2021-05-28,0.0,1612.0,1612.0,0.0,39.5,-2550.5
2021-05-31,0.0,1612.0,1612.0,0.0,-3.5,-2554.0
2021-06-01,-60.0,1552.0,1612.0,-60.0,-240.0,-2794.0
2021-06-02,60.0,1612.0,1612.0,0.0,127.0,-2667.0
2021-06-03,29.0,1641.0,1641.0,0.0,91.0,-2576.0
2021-06-04,120.0,1761.0,1761.0,0.0,-180.0,-2756.0
2021-06-07,29.0,1790.0,1790.0,0.0,29.0,-2727.0
2021-06-08,0.0,1790.0,1790.0,0.0,-120.0,-2847.0
2021-06-09,-60.0,1730.0,1790.0,-60.0,-60.0,-2907.0
2021-06-10,-60.0,1670.0,1790.0,-120.0,60.0,-2847.0
2021-06-11,0.0,1670.0,1790.0,-120.0,60.0,-2787.0
2021-07-19,0.0,1670.0,1790.0,-120.0,60.0,-2727.0
2021-07-20,60.0,1730.0,1790.0,-60.0,-60.0,-2787.0
2021-08-06,0.0,1730.0,1790.0,-60.0,29.5,-2757.5
2021-08-10,60.0,1790.0,1790.0,0.0,-60.0,-2817.5
2021-08-12,0.0,1790.0,1790.0,0.0,60.0,-2757.5
2021-08-13,6.5,1796.5,1796.5,0.0,6.5,-2751.0
2021-08-16,0.0,1796.5,1796.5,0.0,-120.0,-2871.0
2021-08-17,-60.0,1736.5,1796.5,-60.0,60.0,-2811.0
2021-08-20,60.0,1796.5,1796.5,0.0,-60.0,-2871.0
2021-09-20,0.0,1796.5,1796.5,0.0,0.0,-2871.0
2021-09-21,-60.0,1736.5,1796.5,-60.0,0.0,-2871.0
2021-09-22,120.0,1856.5,1856.5,0.0,-239.5,-3110.5
2021-09-27,-120.0,1736.5,1856.5,-120.0,120.0,-2990.5
2021-09-28,60.0,1796.5,1856.5,-60.0,60.0,-2930.5
2021-09-30,0.0,1796.5,1856.5,-60.0,60.0,-2870.5
2021-10-01,0.0,1796.5,1856.5,-60.0,60.0,-2810.5
2021-10-04,60.0,1856.5,1856.5,0.0,-60.0,-2870.5
2021-10-05,0.0,1856.5,1856.5,0.0,-60.0,-2930.5
2021-10-06,0.0,1856.5,1856.5,0.0,-60.0,-2990.5
2021-10-07,30.0,1886.5,1886.5,0.0,30.0,-2960.5
2021-10-08,0.0,1886.5,1886.5,0.0,0.0,-2960.5
2021-10-11,38.0,1924.5,1924.5,0.0,-38.0,-2998.5
2021-10-13,-60.0,1864.5,1924.5,-60.0,-60.0,-3058.5
2021-10-14,26.0,1890.5,1924.5,-34.0,-146.0,-3204.5
2021-10-15,40.0,1930.5,1930.5,0.0,40.0,-3164.5
2021-10-18,0.0,1930.5,1930.5,0.0,0.0,-3164.5
2021-10-19,60.0,1990.5,1990.5,0.0,60.0,-3104.5
2021-10-22,0.0,1990.5,1990.5,0.0,-60.0,-3164.5
2021-10-25,-60.0,1930.5,1990.5,-60.0,60.0,-3104.5
2021-10-26,-60.0,1870.5,1990.5,-120.0,-60.0,-3164.5
2021-10-27,0.0,1870.5,1990.5,-120.0,60.0,-3104.5
2021-10-28,60.0,1930.5,1990.5,-60.0,60.0,-3044.5
2021-10-29,-60.0,1870.5,1990.5,-120.0,60.0,-2984.5
2021-11-18,-60.0,1810.5,1990.5,-180.0,-60.0,-3044.5
2021-11-23,60.0,1870.5,1990.5,-120.0,60.0,-2984.5
2021-11-25,0.0,1870.5,1990.5,-120.0,6.5,-2978.0
2021-11-29,60.0,1930.5,1990.5,-60.0,60.0,-2918.0
2021-11-30,-60.0,1870.5,1990.5,-120.0,0.0,-2918.0
2021-12-01,60.0,1930.5,1990.5,-60.0,0.0,-2918.0
2021-12-03,-60.0,1870.5,1990.5,-120.0,60.0,-2858.0
2021-12-06,0.0,1870.5,1990.5,-120.0,60.0,-2798.0
2021-12-07,60.0,1930.5,1990.5,-60.0,-60.0,-2858.0
2021-12-08,0.0,1930.5,1990.5,-60.0,60.0,-2798.0
2021-12-09,-60.0,1870.5,1990.5,-120.0,0.0,-2798.0
2021-12-10,60.0,1930.5,1990.5,-60.0,120.0,-2678.0
2021-12-13,-60.0,1870.5,1990.5,-120.0,0.0,-2678.0
2021-12-16,0.0,1870.5,1990.5,-120.0,0.0,-2678.0
2021-12-17,0.0,1870.5,1990.5,-120.0,60.0,-2618.0
2021-12-20,60.0,1930.5,1990.5,-60.0,60.0,-2558.0
2021-12-21,-60.0,1870.5,1990.5,-120.0,60.0,-2498.0
2021-12-23,-60.0,1810.5,1990.5,-180.0,-60.0,-2558.0
2021-12-29,-60.0,1750.5,1990.5,-240.0,60.0,-2498.0
2021-12-30,-60.0,1690.5,1990.5,-300.0,-60.0,-2558.0
2021-12-31,0.0,1690.5,1990.5,-300.0,-60.0,-2618.0
2022-01-03,120.0,1810.5,1990.5,-180.0,-300.0,-2918.0
2022-01-04,360.0,2170.5,2170.5,0.0,-480.0,-3398.0
2022-01-05,-60.0,2110.5,2170.5,-60.0,-60.0,-3458.0
2022-01-06,0.0,2110.5,2170.5,-60.0,-60.0,-3518.0
2022-01-07,180.0,2290.5,2290.5,0.0,-180.0,-3698.0
2022-01-10,60.0,2350.5,2350.5,0.0,60.0,-3638.0
2022-01-11,0.0,2350.5,2350.5,0.0,-60.0,-3698.0
2022-01-14,-60.0,2290.5,2350.5,-60.0,120.0,-3578.0
2022-01-17,0.0,2290.5,2350.5,-60.0,60.0,-3518.0
2022-01-18,-60.0,2230.5,2350.5,-120.0,0.0,-3518.0
2022-01-19,-120.0,2110.5,2350.5,-240.0,0.0,-3518.0
2022-01-20,0.0,2110.5,2350.5,-240.0,60.0,-3458.0
2022-01-21,-60.0,2050.5,2350.5,-300.0,-60.0,-3518.0
2022-01-28,-60.0,1990.5,2350.5,-360.0,60.0,-3458.0
2022-01-31,-120.0,1870.5,2350.5,-480.0,120.0,-3338.0
2022-02-01,120.0,1990.5,2350.5,-360.0,180.0,-3158.0
2022-02-02,0.0,1990.5,2350.5,-360.0,60.0,-3098.0
2022-02-03,-60.0,1930.5,2350.5,-420.0,60.0,-3038.0
2022-02-04,0.0,1930.5,2350.5,-420.0,-60.0,-3098.0
2022-02-07,120.0,2050.5,2350.5,-300.0,120.0,-2978.0
2022-02-08,-60.0,1990.5,2350.5,-360.0,0.0,-2978.0
2022-02-09,68.5,2059.0,2350.5,-291.5,128.5,-2849.5
2022-02-10,-60.0,1999.0,2350.5,-351.5,0.0,-2849.5
2022-02-11,0.0,1999.0,2350.5,-351.5,-60.0,-2909.5
2022-02-15,60.0,2059.0,2350.5,-291.5,60.0,-2849.5
2022-02-17,-60.0,1999.0,2350.5,-351.5,-60.0,-2909.5
2022-03-02,0.0,1999.0,2350.5,-351.5,-60.0,-2969.5
2022-03-17,0.0,1999.0,2350.5,-351.5,60.0,-2909.5
2022-03-21,0.0,1999.0,2350.5,-351.5,-60.0,-2969.5
2022-03-22,60.0,2059.0,2350.5,-291.5,-240.0,-3209.5
2022-03-23,-60.0,1999.0,2350.5,-351.5,-180.0,-3389.5
2022-03-24,-120.0,1879.0,2350.5,-471.5,60.0,-3329.5
2022-03-25,-60.0,1819.0,2350.5,-531.5,240.0,-3089.5
2022-03-28,-120.0,1699.0,2350.5,-651.5,120.0,-2969.5
2022-03-29,60.0,1759.0,2350.5,-591.5,60.0,-2909.5
2022-03-30,-60.0,1699.0,2350.5,-651.5,0.0,-2909.5
2022-03-31,-120.0,1579.0,2350.5,-771.5,180.0,-2729.5
2022-04-01,-60.0,1519.0,2350.5,-831.5,0.0,-2729.5
2022-04-04,-60.0,1459.0,2350.5,-891.5,-47.5,-2777.0
2022-04-05,-60.0,1399.0,2350.5,-951.5,0.0,-2777.0
2022-04-06,0.0,1399.0,2350.5,-951.5,-60.0,-2837.0
2022-04-07,-60.0,1339.0,2350.5,-1011.5,-120.0,-2957.0
2022-04-08,0.0,1339.0,2350.5,-1011.5,60.0,-2897.0
2022-04-11,60.0,1399.0,2350.5,-951.5,60.0,-2837.0
2022-04-13,-31.5,1367.5,2350.5,-983.0,31.5,-2805.5
2022-04-21,0.0,1367.5,2350.5,-983.0,-60.0,-2865.5
2022-04-22,0.0,1367.5,2350.5,-983.0,-60.0,-2925.5
2022-07-14,-60.0,1307.5,2350.5,-1043.0,-60.0,-2985.5
2022-07-19,0.0,1307.5,2350.5,-1043.0,-60.0,-3045.5
2022-08-25,-60.0,1247.5,2350.5,-1103.0,120.0,-2925.5
2022-08-26,120.0,1367.5,2350.5,-983.0,-60.0,-2985.5
2022-09-01,0.0,1367.5,2350.5,-983.0,-60.0,-3045.5
2022-09-06,-60.0,1307.5,2350.5,-1043.0,-60.0,-3105.5
2022-09-07,0.0,1307.5,2350.5,-1043.0,-60.0,-3165.5
2022-09-08,60.0,1367.5,2350.5,-983.0,-60.0,-3225.5
2022-09-13,60.0,1427.5,2350.5,-923.0,-60.0,-3285.5
2022-09-14,0.0,1427.5,2350.5,-923.0,0.0,-3285.5
2022-09-15,-60.0,1367.5,2350.5,-983.0,60.0,-3225.5
2022-09-22,-60.0,1307.5,2350.5,-1043.0,60.0,-3165.5
2022-09-30,60.0,1367.5,2350.5,-983.0,60.0,-3105.5
2022-10-04,60.0,1427.5,2350.5,-923.0,-60.0,-3165.5
2022-10-05,60.0,1487.5,2350.5,-863.0,60.0,-3105.5
2022-10-06,60.0,1547.5,2350.5,-803.0,-120.0,-3225.5
2022-10-07,0.0,1547.5,2350.5,-803.0,-60.0,-3285.5
2022-10-18,0.0,1547.5,2350.5,-803.0,-120.0,-3405.5
2022-10-19,-60.0,1487.5,2350.5,-863.0,60.0,-3345.5
2022-10-20,60.0,1547.5,2350.5,-803.0,-60.0,-3405.5
2022-10-24,0.0,1547.5,2350.5,-803.0,-120.0,-3525.5
2022-10-25,60.0,1607.5,2350.5,-743.0,-60.0,-3585.5
2022-10-26,62.0,1669.5,2350.5,-681.0,-2.0,-3587.5
2022-10-27,-60.0,1609.5,2350.5,-741.0,0.0,-3587.5
2022-10-28,180.0,1789.5,2350.5,-561.0,-60.0,-3647.5
2022-10-31,-60.0,1729.5,2350.5,-621.0,-60.0,-3707.5
2022-11-01,60.0,1789.5,2350.5,-561.0,-180.0,-3887.5
2022-11-02,-60.0,1729.5,2350.5,-621.0,-60.0,-3947.5
2022-11-10,-60.0,1669.5,2350.5,-681.0,0.0,-3947.5
2022-11-11,-60.0,1609.5,2350.5,-741.0,60.0,-3887.5
2022-11-15,-60.0,1549.5,2350.5,-801.0,-60.0,-3947.5
2022-11-17,60.0,1609.5,2350.5,-741.0,120.0,-3827.5
2022-11-18,-60.0,1549.5,2350.5,-801.0,60.0,-3767.5
2022-11-21,60.0,1609.5,2350.5,-741.0,0.0,-3767.5
2022-11-22,-60.0,1549.5,2350.5,-801.0,0.0,-3767.5
2022-11-23,60.0,1609.5,2350.5,-741.0,-60.0,-3827.5
2022-11-25,18.5,1628.0,2350.5,-722.5,18.5,-3809.0
2022-11-28,-60.0,1568.0,2350.5,-782.5,60.0,-3749.0
2022-11-29,13.0,1581.0,2350.5,-769.5,47.0,-3702.0
2022-11-30,60.0,1641.0,2350.5,-709.5,60.0,-3642.0
2022-12-01,60.0,1701.0,2350.5,-649.5,0.0,-3642.0
2022-12-02,60.0,1761.0,2350.5,-589.5,0.0,-3642.0
2022-12-05,0.0,1761.0,2350.5,-589.5,-60.0,-3702.0
2022-12-06,180.0,1941.0,2350.5,-409.5,-180.0,-3882.0
2022-12-07,-120.0,1821.0,2350.5,-529.5,0.0,-3882.0
2022-12-08,240.0,2061.0,2350.5,-289.5,-300.0,-4182.0
2022-12-09,0.0,2061.0,2350.5,-289.5,-60.0,-4242.0
2022-12-12,0.0,2061.0,2350.5,-289.5,-60.0,-4302.0
2022-12-13,120.0,2181.0,2350.5,-169.5,0.0,-4302.0
2022-12-14,0.0,2181.0,2350.5,-169.5,-34.0,-4336.0
2022-12-15,-60.0,2121.0,2350.5,-229.5,-120.0,-4456.0
2022-12-16,0.0,2121.0,2350.5,-229.5,-120.0,-4576.0
2022-12-20,0.0,2121.0,2350.5,-229.5,60.0,-4516.0
2022-12-21,-60.0,2061.0,2350.5,-289.5,0.0,-4516.0
2022-12-22,60.0,2121.0,2350.5,-229.5,-60.0,-4576.0
2022-12-23,-60.0,2061.0,2350.5,-289.5,60.0,-4516.0
2023-01-03,0.0,2061.0,2350.5,-289.5,-60.0,-4576.0
2023-01-09,0.0,2061.0,2350.5,-289.5,5.5,-4570.5
2023-01-10,-60.0,2001.0,2350.5,-349.5,0.0,-4570.5
2023-01-11,60.0,2061.0,2350.5,-289.5,120.0,-4450.5
2023-01-12,60.0,2121.0,2350.5,-229.5,-120.0,-4570.5
2023-01-13,-60.0,2061.0,2350.5,-289.5,0.0,-4570.5
2023-01-17,-120.0,1941.0,2350.5,-409.5,0.0,-4570.5
2023-01-18,91.0,2032.0,2350.5,-318.5,-151.0,-4721.5
2023-01-19,0.0,2032.0,2350.5,-318.5,0.0,-4721.5
2023-01-20,-60.0,1972.0,2350.5,-378.5,-100.0,-4821.5
2023-01-23,85.5,2057.5,2350.5,-293.0,-145.5,-4967.0
2023-01-24,-60.0,1997.5,2350.5,-353.0,60.0,-4907.0
2023-01-25,80.0,2077.5,2350.5,-273.0,160.0,-4747.0
2023-01-26,0.0,2077.5,2350.5,-273.0,180.0,-4567.0
2023-01-27,60.0,2137.5,2350.5,-213.0,-60.0,-4627.0
2023-01-30,-60.0,2077.5,2350.5,-273.0,0.0,-4627.0
2023-01-31,0.0,2077.5,2350.5,-273.0,60.0,-4567.0
2023-02-01,-60.0,2017.5,2350.5,-333.0,0.0,-4567.0
2023-02-02,60.0,2077.5,2350.5,-273.0,60.0,-4507.0
2023-02-03,-60.0,2017.5,2350.5,-333.0,60.0,-4447.0
2023-02-06,0.0,2017.5,2350.5,-333.0,60.0,-4387.0
2023-02-07,0.0,2017.5,2350.5,-333.0,14.0,-4373.0
2023-02-08,60.0,2077.5,2350.5,-273.0,-60.0,-4433.0
2023-02-09,60.0,2137.5,2350.5,-213.0,26.5,-4406.5
2023-02-10,120.0,2257.5,2350.5,-93.0,120.0,-4286.5
2023-02-13,-60.0,2197.5,2350.5,-153.0,-60.0,-4346.5
2023-02-14,-120.0,2077.5,2350.5,-273.0,0.0,-4346.5
2023-02-15,60.0,2137.5,2350.5,-213.0,1.5,-4345.0
2023-02-16,-120.0,2017.5,2350.5,-333.0,-120.0,-4465.0
2023-02-17,0.0,2017.5,2350.5,-333.0,60.0,-4405.0
2023-02-21,-37.0,1980.5,2350.5,-370.0,-97.0,-4502.0
2023-02-22,-60.0,1920.5,2350.5,-430.0,-60.0,-4562.0
2023-02-23,60.0,1980.5,2350.5,-370.0,-180.0,-4742.0
2023-02-24,60.0,2040.5,2350.5,-310.0,120.0,-4622.0
2023-02-27,-60.0,1980.5,2350.5,-370.0,-60.0,-4682.0
2023-02-28,-60.0,1920.5,2350.5,-430.0,120.0,-4562.0
2023-03-01,-120.0,1800.5,2350.5,-550.0,60.0,-4502.0
2023-03-02,0.0,1800.5,2350.5,-550.0,0.0,-4502.0
2023-03-03,0.0,1800.5,2350.5,-550.0,-60.0,-4562.0
2023-03-06,0.0,1800.5,2350.5,-550.0,0.0,-4562.0
2023-03-07,120.0,1920.5,2350.5,-430.0,-60.0,-4622.0
2023-03-08,120.0,2040.5,2350.5,-310.0,60.0,-4562.0
2023-03-09,-60.0,1980.5,2350.5,-370.0,-60.0,-4622.0
2023-03-10,-60.0,1920.5,2350.5,-430.0,-37.5,-4659.5
2023-03-13,-115.5,1805.0,2350.5,-545.5,-244.5,-4904.0
2023-03-14,0.0,1805.0,2350.5,-545.5,-11.0,-4915.0
2023-03-15,180.0,1985.0,2350.5,-365.5,120.0,-4795.0
2023-03-16,180.0,2165.0,2350.5,-185.5,-60.0,-4855.0
2023-03-17,0.0,2165.0,2350.5,-185.5,0.0,-4855.0
2023-03-20,0.0,2165.0,2350.5,-185.5,-9.5,-4864.5
2023-03-21,-60.0,2105.0,2350.5,-245.5,0.0,-4864.5
2023-03-24,-60.0,2045.0,2350.5,-305.5,0.0,-4864.5
2023-03-27,0.0,2045.0,2350.5,-305.5,-60.0,-4924.5
2023-03-28,-60.0,1985.0,2350.5,-365.5,60.0,-4864.5
2023-03-29,0.0,1985.0,2350.5,-365.5,32.5,-4832.0
2023-03-31,0.0,1985.0,2350.5,-365.5,-60.0,-4892.0
2023-04-03,-35.5,1949.5,2350.5,-401.0,35.5,-4856.5
2023-04-13,-60.0,1889.5,2350.5,-461.0,60.0,-4796.5
2023-04-14,120.0,2009.5,2350.5,-341.0,-120.0,-4916.5
2023-04-17,0.0,2009.5,2350.5,-341.0,-60.0,-4976.5
2023-04-18,-7.0,2002.5,2350.5,-348.0,7.0,-4969.5
2023-04-21,-60.0,1942.5,2350.5,-408.0,60.0,-4909.5
2023-04-24,-60.0,1882.5,2350.5,-468.0,0.0,-4909.5
2023-04-26,60.0,1942.5,2350.5,-408.0,60.0,-4849.5
2023-04-27,7.5,1950.0,2350.5,-400.5,-7.5,-4857.0
2023-05-02,120.5,2070.5,2350.5,-280.0,-120.5,-4977.5
2023-05-03,0.0,2070.5,2350.5,-280.0,10.0,-4967.5
2023-05-04,60.0,2130.5,2350.5,-220.0,-45.5,-5013.0
2023-05-05,0.0,2130.5,2350.5,-220.0,-60.0,-5073.0
2023-05-09,0.0,2130.5,2350.5,-220.0,60.0,-5013.0
2023-05-10,-60.0,2070.5,2350.5,-280.0,120.0,-4893.0
2023-05-11,0.0,2070.5,2350.5,-280.0,-16.0,-4909.0
2023-05-12,0.0,2070.5,2350.5,-280.0,-60.0,-4969.0
2023-05-15,0.0,2070.5,2350.5,-280.0,-5.0,-4974.0
2023-05-22,-60.0,2010.5,2350.5,-340.0,60.0,-4914.0
2023-05-25,0.0,2010.5,2350.5,-340.0,-60.0,-4974.0
2023-07-31,0.0,2010.5,2350.5,-340.0,60.0,-4914.0
2023-08-08,44.5,2055.0,2350.5,-295.5,44.5,-4869.5
2023-08-09,0.0,2055.0,2350.5,-295.5,-60.0,-4929.5
2023-08-14,-60.0,1995.0,2350.5,-355.5,60.0,-4869.5
2023-08-21,0.0,1995.0,2350.5,-355.5,8.5,-4861.0
2023-08-22,0.0,1995.0,2350.5,-355.5,60.0,-4801.0
2023-08-23,60.0,2055.0,2350.5,-295.5,-120.0,-4921.0
2023-08-24,180.0,2235.0,2350.5,-115.5,-180.0,-5101.0
2023-08-25,0.0,2235.0,2350.5,-115.5,-60.0,-5161.0
2023-08-28,60.0,2295.0,2350.5,-55.5,60.0,-5101.0
2023-08-29,120.0,2415.0,2415.0,0.0,-120.0,-5221.0
2023-08-31,0.0,2415.0,2415.0,0.0,60.0,-5161.0
2023-09-01,60.0,2475.0,2475.0,0.0,60.0,-5101.0
2023-09-04,0.0,2475.0,2475.0,0.0,-60.0,-5161.0
2023-09-05,60.0,2535.0,2535.0,0.0,100.0,-5061.0
2023-09-06,60.0,2595.0,2595.0,0.0,60.0,-5001.0
2023-09-07,-60.0,2535.0,2595.0,-60.0,0.0,-5001.0
2023-09-12,120.0,2655.0,2655.0,0.0,-60.0,-5061.0
2023-09-13,82.5,2737.5,2737.5,0.0,-82.5,-5143.5
2023-09-14,60.0,2797.5,2797.5,0.0,-240.0,-5383.5
2023-09-15,15.0,2812.5,2812.5,0.0,-15.0,-5398.5
2023-09-18,-60.0,2752.5,2812.5,-60.0,0.0,-5398.5
2023-09-19,-60.0,2692.5,2812.5,-120.0,-180.0,-5578.5
2023-09-20,60.0,2752.5,2812.5,-60.0,-78.0,-5656.5
2023-09-21,0.0,2752.5,2812.5,-60.0,60.0,-5596.5
2023-09-22,0.0,2752.5,2812.5,-60.0,-20.0,-5616.5
2023-09-29,0.0,2752.5,2812.5,-60.0,0.0,-5616.5
2023-10-02,-60.0,2692.5,2812.5,-120.0,0.0,-5616.5
2023-10-03,60.0,2752.5,2812.5,-60.0,-60.0,-5676.5
2023-10-04,0.0,2752.5,2812.5,-60.0,60.0,-5616.5
2023-10-05,0.0,2752.5,2812.5,-60.0,-60.0,-5676.5
2023-10-06,0.0,2752.5,2812.5,-60.0,-60.0,-5736.5
2023-10-09,0.0,2752.5,2812.5,-60.0,120.0,-5616.5
2023-10-10,0.0,2752.5,2812.5,-60.0,-256.5,-5873.0
2023-10-11,60.0,2812.5,2812.5,0.0,180.0,-5693.0
2023-10-12,0.0,2812.5,2812.5,0.0,-60.0,-5753.0
2023-10-13,120.0,2932.5,2932.5,0.0,0.0,-5753.0
2023-10-16,-61.5,2871.0,2932.5,-61.5,-178.5,-5931.5
2023-10-17,-60.0,2811.0,2932.5,-121.5,87.0,-5844.5
2023-10-19,0.0,2811.0,2932.5,-121.5,120.0,-5724.5
2023-10-20,60.0,2871.0,2932.5,-61.5,60.0,-5664.5
2023-10-24,-60.0,2811.0,2932.5,-121.5,-60.0,-5724.5
2023-11-06,60.0,2871.0,2932.5,-61.5,120.0,-5604.5
2023-11-07,149.0,3020.0,3020.0,0.0,-209.0,-5813.5
2023-11-08,60.0,3080.0,3080.0,0.0,1.5,-5812.0
2023-11-09,139.0,3219.0,3219.0,0.0,192.0,-5620.0
2023-11-10,16.0,3235.0,3235.0,0.0,-136.0,-5756.0
2023-11-13,-12.5,3222.5,3235.0,-12.5,-12.5,-5768.5
2023-11-17,0.0,3222.5,3235.0,-12.5,60.0,-5708.5
2023-11-22,0.0,3222.5,3235.0,-12.5,-60.0,-5768.5
2023-11-24,0.0,3222.5,3235.0,-12.5,13.0,-5755.5
2023-11-28,0.0,3222.5,3235.0,-12.5,60.0,-5695.5
2023-11-29,-60.0,3162.5,3235.0,-72.5,60.0,-5635.5
2023-11-30,0.0,3162.5,3235.0,-72.5,0.0,-5635.5
2023-12-01,60.0,3222.5,3235.0,-12.5,60.0,-5575.5
2023-12-04,19.0,3241.5,3241.5,0.0,41.0,-5534.5
2023-12-05,60.0,3301.5,3301.5,0.0,0.0,-5534.5
2023-12-06,-120.0,3181.5,3301.5,-120.0,180.0,-5354.5
2023-12-07,0.0,3181.5,3301.5,-120.0,-120.0,-5474.5
2023-12-08,60.0,3241.5,3301.5,-60.0,0.0,-5474.5
2024-02-20,-60.0,3181.5,3301.5,-120.0,60.0,-5414.5
2024-03-05,60.0,3241.5,3301.5,-60.0,-60.0,-5474.5
2024-03-06,0.0,3241.5,3301.5,-60.0,-60.0,-5534.5
2024-03-12,60.0,3301.5,3301.5,0.0,-60.0,-5594.5
2024-03-14,0.0,3301.5,3301.5,0.0,-60.0,-5654.5
2024-03-18,60.0,3361.5,3361.5,0.0,60.0,-5594.5
2024-03-20,0.0,3361.5,3361.5,0.0,60.0,-5534.5
2024-04-01,60.0,3421.5,3421.5,0.0,-60.0,-5594.5
2024-04-03,-60.0,3361.5,3421.5,-60.0,-60.0,-5654.5
2024-04-04,34.5,3396.0,3421.5,-25.5,34.5,-5620.0
2024-04-05,-60.0,3336.0,3421.5,-85.5,60.0,-5560.0
2024-04-08,0.0,3336.0,3421.5,-85.5,-120.0,-5680.0
2024-04-09,0.0,3336.0,3421.5,-85.5,-60.0,-5740.0
2024-04-10,0.0,3336.0,3421.5,-85.5,-60.0,-5800.0
2024-04-11,0.0,3336.0,3421.5,-85.5,0.0,-5800.0
2024-04-12,0.0,3336.0,3421.5,-85.5,0.0,-5800.0
2024-04-15,-60.0,3276.0,3421.5,-145.5,-180.0,-5980.0
2024-04-16,60.0,3336.0,3421.5,-85.5,60.0,-5920.0
2024-04-17,60.0,3396.0,3421.5,-25.5,-60.0,-5980.0
2024-04-26,60.0,3456.0,3456.0,0.0,60.0,-5920.0
2024-04-29,-60.0,3396.0,3456.0,-60.0,60.0,-5860.0
2024-04-30,0.0,3396.0,3456.0,-60.0,120.0,-5740.0
2024-05-06,0.0,3396.0,3456.0,-60.0,5.0,-5735.0
2024-05-07,0.0,3396.0,3456.0,-60.0,40.5,-5694.5
2024-05-08,60.0,3456.0,3456.0,0.0,-60.0,-5754.5
2024-05-09,-120.0,3336.0,3456.0,-120.0,-60.0,-5814.5
2024-05-10,60.0,3396.0,3456.0,-60.0,-60.0,-5874.5
2024-05-13,60.0,3456.0,3456.0,0.0,-22.0,-5896.5
2024-05-14,60.0,3516.0,3516.0,0.0,60.0,-5836.5
2024-05-15,0.0,3516.0,3516.0,0.0,-60.0,-5896.5
2024-05-31,80.0,3596.0,3596.0,0.0,-80.0,-5976.5
2024-06-03,-60.0,3536.0,3596.0,-60.0,-60.0,-6036.5
2024-07-18,0.0,3536.0,3596.0,-60.0,-60.0,-6096.5
2024-07-22,0.0,3536.0,3596.0,-60.0,-60.0,-6156.5
2024-07-23,60.0,3596.0,3596.0,0.0,60.0,-6096.5
2024-07-25,60.0,3656.0,3656.0,0.0,-60.0,-6156.5
2024-07-29,-60.0,3596.0,3656.0,-60.0,60.0,-6096.5
2024-07-31,0.0,3596.0,3656.0,-60.0,-60.0,-6156.5
2024-08-01,-60.0,3536.0,3656.0,-120.0,60.0,-6096.5
2024-08-02,180.0,3716.0,3716.0,0.0,60.0,-6036.5
2024-08-05,0.0,3716.0,3716.0,0.0,120.0,-5916.5
2024-08-06,120.0,3836.0,3836.0,0.0,300.0,-5616.5
2024-08-07,0.0,3836.0,3836.0,0.0,300.0,-5316.5
2024-08-08,180.0,4016.0,4016.0,0.0,-60.0,-5376.5
2024-08-09,120.0,4136.0,4136.0,0.0,240.0,-5136.5
2024-08-12,-300.0,3836.0,4136.0,-300.0,120.0,-5016.5
2024-08-13,0.0,3836.0,4136.0,-300.0,-20.0,-5036.5
2024-08-14,0.0,3836.0,4136.0,-300.0,60.0,-4976.5
2024-08-21,0.0,3836.0,4136.0,-300.0,60.0,-4916.5
2024-08-22,-60.0,3776.0,4136.0,-360.0,-60.0,-4976.5
2024-08-28,-60.0,3716.0,4136.0,-420.0,60.0,-4916.5
2024-09-03,0.0,3716.0,4136.0,-420.0,0.0,-4916.5
2024-09-04,0.0,3716.0,4136.0,-420.0,-60.0,-4976.5
2024-09-05,-60.0,3656.0,4136.0,-480.0,60.0,-4916.5
2024-09-06,120.0,3776.0,4136.0,-360.0,0.0,-4916.5
2024-09-09,300.0,4076.0,4136.0,-60.0,-240.0,-5156.5
2024-09-10,60.0,4136.0,4136.0,0.0,120.0,-5036.5
2024-09-11,0.0,4136.0,4136.0,0.0,0.0,-5036.5
2024-09-12,0.0,4136.0,4136.0,0.0,60.0,-4976.5
2024-09-16,0.0,4136.0,4136.0,0.0,-60.0,-5036.5
2024-09-24,60.0,4196.0,4196.0,0.0,-60.0,-5096.5
2024-09-25,0.0,4196.0,4196.0,0.0,-60.0,-5156.5
2024-09-26,-60.0,4136.0,4196.0,-60.0,60.0,-5096.5
2024-09-30,-120.0,4016.0,4196.0,-180.0,0.0,-5096.5
2024-10-01,0.0,4016.0,4196.0,-180.0,0.0,-5096.5
2024-10-02,60.0,4076.0,4196.0,-120.0,120.0,-4976.5
2024-10-03,60.0,4136.0,4196.0,-60.0,-120.0,-5096.5
2024-10-04,-120.0,4016.0,4196.0,-180.0,180.0,-4916.5
2024-10-08,-120.0,3896.0,4196.0,-300.0,0.0,-4916.5
2024-10-09,0.0,3896.0,4196.0,-300.0,-60.0,-4976.5
2024-10-16,0.0,3896.0,4196.0,-300.0,-60.0,-5036.5
2024-10-24,60.0,3956.0,4196.0,-240.0,60.0,-4976.5
2024-10-31,60.0,4016.0,4196.0,-180.0,-120.0,-5096.5
2024-11-01,0.0,4016.0,4196.0,-180.0,0.0,-5096.5
2024-11-04,120.0,4136.0,4196.0,-60.0,-60.0,-5156.5
2024-11-05,0.0,4136.0,4196.0,-60.0,0.0,-5156.5
2024-11-18,60.0,4196.0,4196.0,0.0,60.0,-5096.5
2024-11-19,-60.0,4136.0,4196.0,-60.0,60.0,-5036.5
2024-11-20,-120.0,4016.0,4196.0,-180.0,120.0,-4916.5
2024-11-21,0.0,4016.0,4196.0,-180.0,60.0,-4856.5
2024-11-25,0.0,4016.0,4196.0,-180.0,-60.0,-4916.5
2024-11-26,60.0,4076.0,4196.0,-120.0,120.0,-4796.5
2024-11-29,60.0,4136.0,4196.0,-60.0,-60.0,-4856.5
2024-12-02,60.0,4196.0,4196.0,0.0,-60.0,-4916.5
2024-12-20,0.0,4196.0,4196.0,0.0,-180.0,-5096.5
2024-12-30,0.0,4196.0,4196.0,0.0,120.0,-4976.5
2024-12-31,0.0,4196.0,4196.0,0.0,60.0,-4916.5
2025-01-02,-60.0,4136.0,4196.0,-60.0,120.0,-4796.5
2025-01-03,-60.0,4076.0,4196.0,-120.0,60.0,-4736.5
2025-01-07,60.0,4136.0,4196.0,-60.0,-60.0,-4796.5
2025-01-08,180.0,4316.0,4316.0,0.0,240.0,-4556.5
2025-01-10,60.0,4376.0,4376.0,0.0,60.0,-4496.5
2025-01-13,-60.0,4316.0,4376.0,-60.0,60.0,-4436.5
2025-01-14,-60.0,4256.0,4376.0,-120.0,-60.0,-4496.5
2025-01-15,0.0,4256.0,4376.0,-120.0,-120.0,-4616.5
2025-01-16,0.0,4256.0,4376.0,-120.0,-180.0,-4796.5
2025-01-17,60.0,4316.0,4376.0,-60.0,60.0,-4736.5
2025-01-23,60.0,4376.0,4376.0,0.0,60.0,-4676.5
2025-01-27,60.0,4436.0,4436.0,0.0,-60.0,-4736.5
2025-01-28,120.0,4556.0,4556.0,0.0,-300.0,-5036.5
2025-01-29,-60.0,4496.0,4556.0,-60.0,60.0,-4976.5
2025-01-30,-60.0,4436.0,4556.0,-120.0,120.0,-4856.5
2025-01-31,0.0,4436.0,4556.0,-120.0,60.0,-4796.5
2025-02-03,0.0,4436.0,4556.0,-120.0,300.0,-4496.5
2025-02-04,-60.0,4376.0,4556.0,-180.0,60.0,-4436.5
2025-02-05,0.0,4376.0,4556.0,-180.0,120.0,-4316.5
2025-02-07,0.0,4376.0,4556.0,-180.0,-60.0,-4376.5
2025-02-10,60.0,4436.0,4556.0,-120.0,-60.0,-4436.5
2025-02-11,-120.0,4316.0,4556.0,-240.0,120.0,-4316.5
2025-02-12,-120.0,4196.0,4556.0,-360.0,120.0,-4196.5
2025-02-13,60.0,4256.0,4556.0,-300.0,60.0,-4136.5
2025-02-18,-60.0,4196.0,4556.0,-360.0,60.0,-4076.5
2025-02-19,60.0,4256.0,4556.0,-300.0,60.0,-4016.5
2025-02-24,60.0,4316.0,4556.0,-240.0,-240.0,-4256.5
2025-02-25,-180.0,4136.0,4556.0,-420.0,-60.0,-4316.5
2025-02-26,60.0,4196.0,4556.0,-360.0,35.5,-4281.0
2025-02-27,240.0,4436.0,4556.0,-120.0,-240.0,-4521.0
2025-02-28,60.0,4496.0,4556.0,-60.0,60.0,-4461.0
2025-03-03,60.0,4556.0,4556.0,0.0,-60.0,-4521.0
2025-03-04,60.0,4616.0,4616.0,0.0,60.0,-4461.0
2025-03-05,0.0,4616.0,4616.0,0.0,120.0,-4341.0
2025-03-06,60.0,4676.0,4676.0,0.0,180.0,-4161.0
2025-03-07,0.0,4676.0,4676.0,0.0,-13.0,-4174.0
2025-03-10,0.0,4676.0,4676.0,0.0,-120.0,-4294.0
2025-03-17,60.0,4736.0,4736.0,0.0,-60.0,-4354.0
2025-03-18,-60.0,4676.0,4736.0,-60.0,60.0,-4294.0
2025-03-21,60.0,4736.0,4736.0,0.0,60.0,-4234.0
2025-03-24,-60.0,4676.0,4736.0,-60.0,-60.0,-4294.0
2025-03-26,-60.0,4616.0,4736.0,-120.0,0.0,-4294.0
2025-03-28,60.0,4676.0,4736.0,-60.0,-60.0,-4354.0
2025-04-02,0.0,4676.0,4736.0,-60.0,17.5,-4336.5
2025-05-05,60.0,4736.0,4736.0,0.0,60.0,-4276.5
2025-05-06,0.0,4736.0,4736.0,0.0,-60.0,-4336.5
2025-05-08,0.0,4736.0,4736.0,0.0,-60.0,-4396.5
2025-05-09,0.0,4736.0,4736.0,0.0,120.0,-4276.5
2025-05-12,0.0,4736.0,4736.0,0.0,-120.0,-4396.5
2025-05-13,-7.0,4729.0,4736.0,-7.0,-7.0,-4403.5
2025-05-14,0.0,4729.0,4736.0,-7.0,67.0,-4336.5
2025-05-15,180.0,4909.0,4909.0,0.0,-60.0,-4396.5
2025-05-16,60.0,4969.0,4969.0,0.0,0.0,-4396.5
2025-05-19,180.0,5149.0,5149.0,0.0,-180.0,-4576.5
2025-05-20,60.0,5209.0,5209.0,0.0,60.0,-4516.5
2025-05-21,128.5,5337.5,5337.5,0.0,-188.5,-4705.0
2025-05-22,0.0,5337.5,5337.5,0.0,-60.0,-4765.0
2025-05-23,0.0,5337.5,5337.5,0.0,60.0,-4705.0
2025-05-26,0.0,5337.5,5337.5,0.0,-60.0,-4765.0
2025-05-27,-33.5,5304.0,5337.5,-33.5,-206.5,-4971.5
2025-05-28,-120.0,5184.0,5337.5,-153.5,0.0,-4971.5
2025-05-29,60.0,5244.0,5337.5,-93.5,-60.0,-5031.5
2025-05-30,60.0,5304.0,5337.5,-33.5,0.0,-5031.5
2025-06-02,0.0,5304.0,5337.5,-33.5,-180.0,-5211.5
2025-06-03,0.0,5304.0,5337.5,-33.5,0.0,-5211.5
2025-06-04,-60.0,5244.0,5337.5,-93.5,-60.0,-5271.5
2025-06-05,0.0,5244.0,5337.5,-93.5,25.5,-5246.0
2025-06-06,-60.0,5184.0,5337.5,-153.5,-60.0,-5306.0
2025-06-09,-120.0,5064.0,5337.5,-273.5,0.0,-5306.0
2025-06-10,0.0,5064.0,5337.5,-273.5,60.0,-5246.0
2025-06-11,-60.0,5004.0,5337.5,-333.5,-60.0,-5306.0
2025-06-12,60.0,5064.0,5337.5,-273.5,120.0,-5186.0
2025-06-13,-120.0,4944.0,5337.5,-393.5,0.0,-5186.0
2025-06-16,60.0,5004.0,5337.5,-333.5,180.0,-5006.0
2025-06-17,60.0,5064.0,5337.5,-273.5,120.0,-4886.0
2025-06-18,-60.0,5004.0,5337.5,-333.5,-60.0,-4946.0
2025-06-19,60.0,5064.0,5337.5,-273.5,60.0,-4886.0
2025-06-20,-240.0,4824.0,5337.5,-513.5,0.0,-4886.0
2025-06-23,0.0,4824.0,5337.5,-513.5,0.0,-4886.0
2025-06-24,60.0,4884.0,5337.5,-453.5,60.0,-4826.0
2025-06-26,0.0,4884.0,5337.5,-453.5,60.0,-4766.0
2025-07-01,-60.0,4824.0,5337.5,-513.5,60.0,-4706.0
2025-07-14,0.0,4824.0,5337.5,-513.5,60.0,-4646.0
2025-07-16,60.0,4884.0,5337.5,-453.5,-60.0,-4706.0
2025-07-22,60.0,4944.0,5337.5,-393.5,-60.0,-4766.0
2025-08-01,0.0,4944.0,5337.5,-393.5,60.0,-4706.0
2025-08-04,-60.0,4884.0,5337.5,-453.5,60.0,-4646.0
2025-08-05,60.0,4944.0,5337.5,-393.5,-60.0,-4706.0
2025-08-06,60.0,5004.0,5337.5,-333.5,60.0,-4646.0
2025-08-20,0.0,5004.0,5337.5,-333.5,0.0,-4646.0
2025-08-21,60.0,5064.0,5337.5,-273.5,60.0,-4586.0
2025-08-22,60.0,5124.0,5337.5,-213.5,60.0,-4526.0
2025-09-02,-60.0,5064.0,5337.5,-273.5,60.0,-4466.0
2025-09-09,0.0,5064.0,5337.5,-273.5,-60.0,-4526.0
2025-10-22,60.0,5124.0,5337.5,-213.5,-60.0,-4586.0
2025-10-23,60.0,5184.0,5337.5,-153.5,-60.0,-4646.0
2025-11-07,-60.0,5124.0,5337.5,-213.5,-60.0,-4706.0
2025-11-14,0.0,5124.0,5337.5,-213.5,-60.0,-4766.0
2025-11-17,60.0,5184.0,5337.5,-153.5,60.0,-4706.0
2025-11-19,60.0,5244.0,5337.5,-93.5,-120.0,-4826.0
2025-11-20,-60.0,5184.0,5337.5,-153.5,120.0,-4706.0
2025-11-21,120.0,5304.0,5337.5,-33.5,60.0,-4646.0
2025-11-24,0.0,5304.0,5337.5,-33.5,-60.0,-4706.0
2025-11-25,120.0,5424.0,5424.0,0.0,0.0,-4706.0
2025-12-05,0.0,5424.0,5424.0,0.0,-60.0,-4766.0
2025-12-08,-60.0,5364.0,5424.0,-60.0,-60.0,-4826.0
2025-12-10,60.0,5424.0,5424.0,0.0,60.0,-4766.0
2025-12-15,120.0,5544.0,5544.0,0.0,-120.0,-4886.0
2025-12-16,60.0,5604.0,5604.0,0.0,60.0,-4826.0
2025-12-17,60.0,5664.0,5664.0,0.0,-120.0,-4946.0
2025-12-18,60.0,5724.0,5724.0,0.0,0.0,-4946.0
2025-12-19,-60.0,5664.0,5724.0,-60.0,60.0,-4886.0
2025-12-24,0.0,5664.0,5724.0,-60.0,-52.0,-4938.0
2025-12-26,-60.0,5604.0,5724.0,-120.0,-60.0,-4998.0
2026-01-02,0.0,5604.0,5724.0,-120.0,60.0,-4938.0
2026-01-05,60.0,5664.0,5724.0,-60.0,60.0,-4878.0
2026-01-06,60.0,5724.0,5724.0,0.0,-120.0,-4998.0
2026-01-07,-38.5,5685.5,5724.0,-38.5,141.5,-4856.5
2026-01-08,-60.0,5625.5,5724.0,-98.5,60.0,-4796.5
2026-01-09,60.0,5685.5,5724.0,-38.5,120.0,-4676.5
2026-01-12,0.0,5685.5,5724.0,-38.5,-60.0,-4736.5
2026-01-13,-120.0,5565.5,5724.0,-158.5,-60.0,-4796.5
2026-01-14,0.0,5565.5,5724.0,-158.5,0.0,-4796.5
2026-01-15,60.0,5625.5,5724.0,-98.5,60.0,-4736.5
2026-01-16,-120.0,5505.5,5724.0,-218.5,60.0,-4676.5
2026-01-19,0.0,5505.5,5724.0,-218.5,40.0,-4636.5
2026-01-20,0.0,5505.5,5724.0,-218.5,60.0,-4576.5
2026-01-21,-60.0,5445.5,5724.0,-278.5,60.0,-4516.5
2026-01-22,-2.5,5443.0,5724.0,-281.0,-2.5,-4519.0
2026-01-23,120.0,5563.0,5724.0,-161.0,-180.0,-4699.0
2026-01-26,120.0,5683.0,5724.0,-41.0,60.5,-4638.5
2026-01-27,0.0,5683.0,5724.0,-41.0,-60.0,-4698.5
2026-01-29,0.0,5683.0,5724.0,-41.0,0.0,-4698.5
2026-01-30,60.0,5743.0,5743.0,0.0,180.0,-4518.5
2026-02-02,180.0,5923.0,5923.0,0.0,-180.0,-4698.5
2026-02-03,-60.0,5863.0,5923.0,-60.0,60.0,-4638.5
2026-02-04,0.0,5863.0,5923.0,-60.0,60.0,-4578.5
2026-02-06,60.0,5923.0,5923.0,0.0,60.0,-4518.5
2026-02-09,0.0,5923.0,5923.0,0.0,61.0,-4457.5
2026-02-10,-120.0,5803.0,5923.0,-120.0,-120.0,-4577.5
2026-02-11,0.0,5803.0,5923.0,-120.0,120.0,-4457.5
2026-02-12,-60.0,5743.0,5923.0,-180.0,0.0,-4457.5
2026-02-17,-60.0,5683.0,5923.0,-240.0,60.0,-4397.5
2026-02-18,120.0,5803.0,5923.0,-120.0,120.0,-4277.5
2026-02-19,60.0,5863.0,5923.0,-60.0,120.0,-4157.5
2026-02-20,-60.0,5803.0,5923.0,-120.0,120.0,-4037.5
2026-02-23,60.0,5863.0,5923.0,-60.0,120.0,-3917.5
2026-02-24,-60.0,5803.0,5923.0,-120.0,-60.0,-3977.5
2026-02-25,0.0,5803.0,5923.0,-120.0,0.0,-3977.5
2026-02-26,-60.0,5743.0,5923.0,-180.0,60.0,-3917.5
2026-02-27,-60.0,5683.0,5923.0,-240.0,-60.0,-3977.5
2026-03-02,60.0,5743.0,5923.0,-180.0,120.0,-3857.5
2026-03-03,0.0,5743.0,5923.0,-180.0,0.0,-3857.5
2026-03-04,0.0,5743.0,5923.0,-180.0,-60.0,-3917.5
2026-03-05,-60.0,5683.0,5923.0,-240.0,0.0,-3917.5
2026-03-06,0.0,5683.0,5923.0,-240.0,120.0,-3797.5
2026-03-09,60.0,5743.0,5923.0,-180.0,120.0,-3677.5
2026-03-10,-60.0,5683.0,5923.0,-240.0,-240.0,-3917.5
2026-03-11,-120.0,5563.0,5923.0,-360.0,240.0,-3677.5
2026-03-13,0.0,5563.0,5923.0,-360.0,60.0,-3617.5
2026-03-17,0.0,5563.0,5923.0,-360.0,0.0,-3617.5
2026-03-18,60.0,5623.0,5923.0,-300.0,60.0,-3557.5
2026-03-19,-60.0,5563.0,5923.0,-360.0,-60.0,-3617.5
2026-03-23,60.0,5623.0,5923.0,-300.0,60.0,-3557.5
2026-03-25,-60.0,5563.0,5923.0,-360.0,-60.0,-3617.5
2026-04-02,-60.0,5503.0,5923.0,-420.0,120.0,-3497.5
2026-04-07,0.0,5503.0,5923.0,-420.0,60.0,-3437.5
2026-04-08,120.0,5623.0,5923.0,-300.0,0.0,-3437.5
2026-04-09,-60.0,5563.0,5923.0,-360.0,-120.0,-3557.5
2026-04-10,180.0,5743.0,5923.0,-180.0,240.0,-3317.5
2026-04-13,60.0,5803.0,5923.0,-120.0,0.0,-3317.5
2026-04-14,0.0,5803.0,5923.0,-120.0,-60.0,-3377.5
2026-04-15,0.0,5803.0,5923.0,-120.0,0.0,-3377.5
