session_date,side,entry_ts,entry_price,stop_price,target_price,exit_ts,exit_price,exit_reason,pnl_points,pnl_dollars
2020-02-18,long,2020-02-18 09:45:00-05:00,9582.75,9542.75,9622.75,2020-02-18 09:59:00-05:00,9622.75,target,39.5,78.0
2020-02-21,short,2020-02-21 09:45:00-05:00,9577.5,9617.5,9537.5,2020-02-21 09:46:00-05:00,9537.5,target,39.5,78.0
2020-02-24,long,2020-02-24 09:45:00-05:00,9045.5,9005.5,9085.5,2020-02-24 09:46:00-05:00,9085.5,target,39.5,78.0
2020-02-26,short,2020-02-26 09:45:00-05:00,8997.5,9037.5,8957.5,2020-02-26 09:51:00-05:00,8957.5,target,39.5,78.0
2020-02-28,short,2020-02-28 09:45:00-05:00,8310.75,8350.75,8270.75,2020-02-28 09:46:00-05:00,8270.75,target,39.5,78.0
2020-03-04,short,2020-03-04 09:45:00-05:00,8721.5,8761.5,8681.5,2020-03-04 09:54:00-05:00,8681.5,target,39.5,78.0
2020-03-05,long,2020-03-05 09:45:00-05:00,8729.5,8689.5,8769.5,2020-03-05 09:46:00-05:00,8769.5,target,39.5,78.0
2020-03-06,long,2020-03-06 09:45:00-05:00,8389.0,8349.0,8429.0,2020-03-06 09:46:00-05:00,8429.0,target,39.5,78.0
2020-03-09,long,2020-03-09 09:49:00-04:00,7815.25,7775.25,7855.25,2020-03-09 09:50:00-04:00,7855.25,target,39.5,78.0
2020-03-10,short,2020-03-10 09:45:00-04:00,8230.25,8270.25,8190.25,2020-03-10 09:46:00-04:00,8190.25,target,39.5,78.0
2020-03-11,short,2020-03-11 09:45:00-04:00,8205.0,8245.0,8165.0,2020-03-11 09:46:00-04:00,8165.0,target,39.5,78.0
2020-03-13,long,2020-03-13 09:45:00-04:00,7557.0,7517.0,7597.0,2020-03-13 09:46:00-04:00,7517.0,stop,-40.5,-82.0
2020-03-25,short,2020-03-25 09:45:00-04:00,7637.75,7677.75,7597.75,2020-03-25 09:46:00-04:00,7597.75,target,39.5,78.0
2020-03-26,short,2020-03-26 09:45:00-04:00,7624.25,7664.25,7584.25,2020-03-26 09:46:00-04:00,7584.25,target,39.5,78.0
2020-03-27,short,2020-03-27 09:45:00-04:00,7679.5,7719.5,7639.5,2020-03-27 09:46:00-04:00,7639.5,target,39.5,78.0
2020-03-30,short,2020-03-30 09:45:00-04:00,7696.5,7736.5,7656.5,2020-03-30 09:46:00-04:00,7656.5,target,39.5,78.0
2020-03-31,short,2020-03-31 09:45:00-04:00,7861.75,7901.75,7821.75,2020-03-31 09:47:00-04:00,7821.75,target,39.5,78.0
2020-04-01,short,2020-04-01 09:45:00-04:00,7626.5,7666.5,7586.5,2020-04-01 09:46:00-04:00,7586.5,target,39.5,78.0
2020-04-02,short,2020-04-02 09:45:00-04:00,7483.5,7523.5,7443.5,2020-04-02 09:46:00-04:00,7443.5,target,39.5,78.0
2020-04-03,short,2020-04-03 09:45:00-04:00,7637.0,7677.0,7597.0,2020-04-03 10:16:00-04:00,7597.0,target,39.5,78.0
2020-04-06,long,2020-04-06 09:45:00-04:00,7752.5,7712.5,7792.5,2020-04-06 09:46:00-04:00,7792.5,target,39.5,78.0
2020-04-07,long,2020-04-07 09:45:00-04:00,8214.25,8174.25,8254.25,2020-04-07 09:47:00-04:00,8254.25,target,39.5,78.0
2020-04-09,short,2020-04-09 09:45:00-04:00,8310.75,8350.75,8270.75,2020-04-09 10:05:00-04:00,8270.75,target,39.5,78.0
2020-04-13,short,2020-04-13 09:45:00-04:00,8236.25,8276.25,8196.25,2020-04-13 09:46:00-04:00,8196.25,target,39.5,78.0
2020-04-14,long,2020-04-14 09:45:00-04:00,8466.75,8426.75,8506.75,2020-04-14 09:46:00-04:00,8506.75,target,39.5,78.0
2020-04-16,short,2020-04-16 09:45:00-04:00,8686.25,8726.25,8646.25,2020-04-16 09:54:00-04:00,8646.25,target,39.5,78.0
2020-04-23,long,2020-04-23 09:45:00-04:00,8693.25,8653.25,8733.25,2020-04-23 09:48:00-04:00,8733.25,target,39.5,78.0
2020-04-29,long,2020-04-29 09:45:00-04:00,8853.25,8813.25,8893.25,2020-04-29 09:51:00-04:00,8893.25,target,39.5,78.0
2020-04-30,short,2020-04-30 09:45:00-04:00,8997.5,9037.5,8957.5,2020-04-30 10:43:00-04:00,8957.5,target,39.5,78.0
2020-05-01,long,2020-05-01 09:45:00-04:00,8785.5,8745.5,8825.5,2020-05-01 09:49:00-04:00,8825.5,target,39.5,78.0
2020-05-06,long,2020-05-06 09:45:00-04:00,9005.5,8965.5,9045.5,2020-05-06 10:04:00-04:00,8965.5,stop,-40.5,-82.0
2020-05-11,long,2020-05-11 09:45:00-04:00,9173.0,9133.0,9213.0,2020-05-11 09:46:00-04:00,9213.0,target,39.5,78.0
2020-05-13,short,2020-05-13 09:45:00-04:00,9114.0,9154.0,9074.0,2020-05-13 10:04:00-04:00,9154.0,stop,-40.5,-82.0
2020-05-15,short,2020-05-15 09:45:00-04:00,8997.5,9037.5,8957.5,2020-05-15 10:10:00-04:00,9037.5,stop,-40.5,-82.0
2020-05-27,short,2020-05-27 09:45:00-04:00,9367.5,9407.5,9327.5,2020-05-27 09:46:00-04:00,9327.5,target,39.5,78.0
2020-06-02,long,2020-06-02 09:45:00-04:00,9582.75,9542.75,9622.75,2020-06-02 10:49:00-04:00,9542.75,stop,-40.5,-82.0
2020-07-30,long,2020-07-30 09:45:00-04:00,10583.0,10543.0,10623.0,2020-07-30 09:56:00-04:00,10543.0,stop,-40.5,-82.0
2020-09-11,long,2020-09-11 09:45:00-04:00,11208.75,11168.75,11248.75,2020-09-11 09:48:00-04:00,11248.75,target,39.5,78.0
2020-09-14,long,2020-09-14 09:45:00-04:00,11208.75,11168.75,11248.75,2020-09-14 09:46:00-04:00,11248.75,target,39.5,78.0
2020-09-17,long,2020-09-17 09:45:00-04:00,11007.25,10967.25,11047.25,2020-09-17 09:50:00-04:00,11047.25,target,39.5,78.0
2020-09-22,short,2020-09-22 09:45:00-04:00,11002.25,11042.25,10962.25,2020-09-22 09:50:00-04:00,10962.25,target,39.5,78.0
2020-10-29,short,2020-10-29 09:45:00-04:00,11205.25,11245.25,11165.25,2020-10-29 09:54:00-04:00,11245.25,stop,-40.5,-82.0
2020-10-30,short,2020-10-30 09:45:00-04:00,11205.25,11245.25,11165.25,2020-10-30 09:47:00-04:00,11165.25,target,39.5,78.0
2020-11-02,long,2020-11-02 09:45:00-05:00,11167.25,11127.25,11207.25,2020-11-02 09:55:00-05:00,11207.25,target,39.5,78.0
2020-11-10,short,2020-11-10 09:45:00-05:00,11677.5,11717.5,11637.5,2020-11-10 09:46:00-05:00,11637.5,target,39.5,78.0
2020-11-17,short,2020-11-17 09:45:00-05:00,12040.0,12080.0,12000.0,2020-11-17 09:46:00-05:00,12000.0,target,39.5,78.0
2020-11-24,short,2020-11-24 09:45:00-05:00,11942.0,11982.0,11902.0,2020-11-24 09:46:00-05:00,11902.0,target,39.5,78.0
2020-12-16,long,2020-12-16 09:45:00-05:00,12589.0,12549.0,12629.0,2020-12-16 10:36:00-05:00,12629.0,target,39.5,78.0
2020-12-21,long,2020-12-21 09:45:00-05:00,12589.0,12549.0,12629.0,2020-12-21 10:03:00-05:00,12549.0,stop,-40.5,-82.0
2021-01-06,long,2021-01-06 09:45:00-05:00,12589.0,12549.0,12629.0,2021-01-06 09:47:00-05:00,12629.0,target,39.5,78.0
2021-02-23,short,2021-02-23 09:45:00-05:00,12856.5,12896.5,12816.5,2021-02-23 09:46:00-05:00,12816.5,target,39.5,78.0
2021-03-03,long,2021-03-03 09:45:00-05:00,12931.75,12891.75,12971.75,2021-03-03 09:49:00-05:00,12971.75,target,39.5,78.0
2021-03-05,short,2021-03-05 09:45:00-05:00,12581.75,12621.75,12541.75,2021-03-05 09:46:00-05:00,12541.75,target,39.5,78.0
2021-03-08,long,2021-03-08 09:45:00-05:00,12589.0,12549.0,12629.0,2021-03-08 09:46:00-05:00,12629.0,target,39.5,78.0
2021-03-09,short,2021-03-09 09:45:00-05:00,12648.0,12688.0,12608.0,2021-03-09 09:55:00-05:00,12688.0,stop,-40.5,-82.0
2021-03-10,long,2021-03-10 09:45:00-05:00,12931.75,12891.75,12971.75,2021-03-10 09:50:00-05:00,12971.75,target,39.5,78.0
2021-03-11,short,2021-03-11 09:45:00-05:00,12968.25,13008.25,12928.25,2021-03-11 10:18:00-05:00,12928.25,target,39.5,78.0
2021-03-12,short,2021-03-12 09:45:00-05:00,12856.5,12896.5,12816.5,2021-03-12 10:05:00-05:00,12896.5,stop,-40.5,-82.0
2021-03-15,short,2021-03-15 09:45:00-04:00,12928.25,12968.25,12888.25,2021-03-15 09:56:00-04:00,12968.25,stop,-40.5,-82.0
2021-03-17,long,2021-03-17 09:45:00-04:00,12976.0,12936.0,13016.0,2021-03-17 09:49:00-04:00,13016.0,target,39.5,78.0
2021-03-18,short,2021-03-18 09:45:00-04:00,13014.0,13054.0,12974.0,2021-03-18 09:46:00-04:00,12974.0,target,39.5,78.0
2021-03-19,short,2021-03-19 09:45:00-04:00,12787.0,12827.0,12747.0,2021-03-19 09:46:00-04:00,12747.0,target,39.5,78.0
2021-03-22,short,2021-03-22 09:45:00-04:00,12968.25,13008.25,12928.25,2021-03-22 09:53:00-04:00,13008.25,stop,-40.5,-82.0
2021-03-24,long,2021-03-24 09:45:00-04:00,13017.25,12977.25,13057.25,2021-03-24 09:49:00-04:00,12977.25,stop,-40.5,-82.0
2021-03-25,short,2021-03-25 09:45:00-04:00,12787.0,12827.0,12747.0,2021-03-25 09:50:00-04:00,12747.0,target,39.5,78.0
2021-03-26,long,2021-03-26 09:45:00-04:00,12790.0,12750.0,12830.0,2021-03-26 09:48:00-04:00,12830.0,target,39.5,78.0
2021-03-29,short,2021-03-29 09:45:00-04:00,12968.25,13008.25,12928.25,2021-03-29 09:46:00-04:00,12928.25,target,39.5,78.0
2021-03-30,short,2021-03-30 09:45:00-04:00,12856.5,12896.5,12816.5,2021-03-30 09:47:00-04:00,12816.5,target,39.5,78.0
2021-03-31,long,2021-03-31 09:45:00-04:00,12978.5,12938.5,13018.5,2021-03-31 09:48:00-04:00,13018.5,target,39.5,78.0
2021-04-21,long,2021-04-21 09:45:00-04:00,13704.0,13664.0,13744.0,2021-04-21 09:46:00-04:00,13744.0,target,39.5,78.0
2021-05-04,short,2021-05-04 09:45:00-04:00,13644.0,13684.0,13604.0,2021-05-04 09:46:00-04:00,13604.0,target,39.5,78.0
2021-05-05,long,2021-05-05 09:45:00-04:00,13649.0,13609.0,13689.0,2021-05-05 09:56:00-04:00,13609.0,stop,-40.5,-82.0
2021-05-07,short,2021-05-07 09:45:00-04:00,13699.25,13739.25,13659.25,2021-05-07 09:49:00-04:00,13739.25,stop,-40.5,-82.0
2021-05-10,short,2021-05-10 09:45:00-04:00,13644.0,13684.0,13604.0,2021-05-10 09:46:00-04:00,13604.0,target,39.5,78.0
2021-05-11,long,2021-05-11 09:45:00-04:00,13122.0,13082.0,13162.0,2021-05-11 09:46:00-04:00,13162.0,target,39.5,78.0
2021-05-13,long,2021-05-13 09:45:00-04:00,13122.0,13082.0,13162.0,2021-05-13 09:55:00-04:00,13162.0,target,39.5,78.0
2021-05-18,short,2021-05-18 09:45:00-04:00,13340.5,13380.5,13300.5,2021-05-18 09:51:00-04:00,13300.5,target,39.5,78.0
2021-05-19,long,2021-05-19 09:45:00-04:00,12978.5,12938.5,13018.5,2021-05-19 09:46:00-04:00,13018.5,target,39.5,78.0
2021-05-20,long,2021-05-20 09:45:00-04:00,13346.0,13306.0,13386.0,2021-05-20 09:46:00-04:00,13386.0,target,39.5,78.0
2021-05-25,short,2021-05-25 09:45:00-04:00,13699.25,13739.25,13659.25,2021-05-25 09:52:00-04:00,13659.25,target,39.5,78.0
2021-05-26,short,2021-05-26 09:45:00-04:00,13699.25,13739.25,13659.25,2021-05-26 10:01:00-04:00,13659.25,target,39.5,78.0
2021-05-27,short,2021-05-27 09:45:00-04:00,13669.5,13709.5,13629.5,2021-05-27 10:32:00-04:00,13709.5,stop,-40.5,-82.0
2021-05-28,long,2021-05-28 09:45:00-04:00,13697.5,13657.5,13737.5,2021-05-28 11:30:00-04:00,13725.75,time,27.75,54.5
2021-05-31,short,2021-05-31 09:47:00-04:00,13669.5,13709.5,13629.5,2021-05-31 11:30:00-04:00,13666.0,time,3.0,5.0
2021-06-01,long,2021-06-01 09:45:00-04:00,13741.5,13701.5,13781.5,2021-06-01 10:04:00-04:00,13701.5,stop,-40.5,-82.0
2021-06-02,long,2021-06-02 09:45:00-04:00,13675.0,13635.0,13715.0,2021-06-02 11:30:00-04:00,13697.0,time,21.5,42.0
2021-06-04,long,2021-06-04 09:45:00-04:00,13649.0,13609.0,13689.0,2021-06-04 09:46:00-04:00,13689.0,target,39.5,78.0
2021-06-07,long,2021-06-07 09:45:00-04:00,13741.5,13701.5,13781.5,2021-06-07 11:30:00-04:00,13721.5,time,-20.5,-42.0
2021-06-10,long,2021-06-10 09:45:00-04:00,13860.25,13820.25,13900.25,2021-06-10 09:46:00-04:00,13900.25,target,39.5,78.0
2021-07-20,short,2021-07-20 09:45:00-04:00,14567.0,14607.0,14527.0,2021-07-20 10:20:00-04:00,14607.0,stop,-40.5,-82.0
2021-08-09,long,2021-08-09 09:45:00-04:00,15073.75,15033.75,15113.75,2021-08-09 09:48:00-04:00,15113.75,target,39.5,78.0
2021-08-11,short,2021-08-11 09:45:00-04:00,15065.75,15105.75,15025.75,2021-08-11 10:32:00-04:00,15025.75,target,39.5,78.0
2021-08-13,long,2021-08-13 09:45:00-04:00,15073.75,15033.75,15113.75,2021-08-13 10:11:00-04:00,15113.75,target,39.5,78.0
2021-09-20,long,2021-09-20 09:45:00-04:00,15073.75,15033.75,15113.75,2021-09-20 09:46:00-04:00,15113.75,target,39.5,78.0
2021-09-21,long,2021-09-21 09:45:00-04:00,15073.75,15033.75,15113.75,2021-09-21 09:46:00-04:00,15113.75,target,39.5,78.0
2021-09-22,short,2021-09-22 09:45:00-04:00,15065.75,15105.75,15025.75,2021-09-22 10:06:00-04:00,15105.75,stop,-40.5,-82.0
2021-09-27,long,2021-09-27 09:45:00-04:00,15120.0,15080.0,15160.0,2021-09-27 10:17:00-04:00,15160.0,target,39.5,78.0
2021-09-28,short,2021-09-28 09:45:00-04:00,14990.25,15030.25,14950.25,2021-09-28 09:46:00-04:00,14950.25,target,39.5,78.0
2021-10-05,short,2021-10-05 09:45:00-04:00,14567.0,14607.0,14527.0,2021-10-05 10:03:00-04:00,14607.0,stop,-40.5,-82.0
2021-10-06,long,2021-10-06 09:45:00-04:00,14574.5,14534.5,14614.5,2021-10-06 09:46:00-04:00,14614.5,target,39.5,78.0
2021-10-12,short,2021-10-12 09:45:00-04:00,14719.0,14759.0,14679.0,2021-10-12 09:46:00-04:00,14679.0,target,39.5,78.0
2021-10-13,long,2021-10-13 09:45:00-04:00,14723.5,14683.5,14763.5,2021-10-13 10:12:00-04:00,14683.5,stop,-40.5,-82.0
2021-10-14,short,2021-10-14 09:45:00-04:00,14948.0,14988.0,14908.0,2021-10-14 10:12:00-04:00,14988.0,stop,-40.5,-82.0
2021-10-15,short,2021-10-15 09:45:00-04:00,15065.75,15105.75,15025.75,2021-10-15 10:58:00-04:00,15105.75,stop,-40.5,-82.0
2021-10-18,short,2021-10-18 09:45:00-04:00,15111.0,15151.0,15071.0,2021-10-18 10:06:00-04:00,15151.0,stop,-40.5,-82.0
2021-10-19,short,2021-10-19 09:45:00-04:00,15330.0,15370.0,15290.0,2021-10-19 10:56:00-04:00,15370.0,stop,-40.5,-82.0
2021-10-25,long,2021-10-25 09:45:00-04:00,15336.25,15296.25,15376.25,2021-10-25 09:52:00-04:00,15376.25,target,39.5,78.0
2021-10-28,long,2021-10-28 09:45:00-04:00,15673.75,15633.75,15713.75,2021-10-28 10:38:00-04:00,15713.75,target,39.5,78.0
2021-10-29,short,2021-10-29 09:45:00-04:00,15666.0,15706.0,15626.0,2021-10-29 10:15:00-04:00,15706.0,stop,-40.5,-82.0
2021-11-18,short,2021-11-18 09:45:00-05:00,16389.25,16429.25,16349.25,2021-11-18 10:10:00-05:00,16349.25,target,39.5,78.0
2021-11-25,long,2021-11-25 09:45:00-05:00,16395.25,16355.25,16435.25,2021-11-25 11:30:00-05:00,16395.5,time,-0.25,-1.5
2021-12-06,short,2021-12-06 09:45:00-05:00,15666.0,15706.0,15626.0,2021-12-06 10:02:00-05:00,15626.0,target,39.5,78.0
2021-12-09,long,2021-12-09 09:45:00-05:00,16355.0,16315.0,16395.0,2021-12-09 09:46:00-05:00,16395.0,target,39.5,78.0
2021-12-10,short,2021-12-10 09:45:00-05:00,16250.5,16290.5,16210.5,2021-12-10 09:47:00-05:00,16210.5,target,39.5,78.0
2021-12-13,short,2021-12-13 09:45:00-05:00,16331.25,16371.25,16291.25,2021-12-13 09:47:00-05:00,16291.25,target,39.5,78.0
2021-12-16,long,2021-12-16 09:45:00-05:00,16254.75,16214.75,16294.75,2021-12-16 09:52:00-05:00,16214.75,stop,-40.5,-82.0
2021-12-17,long,2021-12-17 09:45:00-05:00,15673.75,15633.75,15713.75,2021-12-17 09:46:00-05:00,15713.75,target,39.5,78.0
2021-12-20,long,2021-12-20 09:45:00-05:00,15560.25,15520.25,15600.25,2021-12-20 09:46:00-05:00,15600.25,target,39.5,78.0
2021-12-23,short,2021-12-23 09:45:00-05:00,16201.5,16241.5,16161.5,2021-12-23 09:59:00-05:00,16241.5,stop,-40.5,-82.0
2021-12-27,long,2021-12-27 09:45:00-05:00,16355.0,16315.0,16395.0,2021-12-27 09:46:00-05:00,16395.0,target,39.5,78.0
2021-12-31,short,2021-12-31 09:45:00-05:00,16447.25,16487.25,16407.25,2021-12-31 09:47:00-05:00,16407.25,target,39.5,78.0
2022-01-03,short,2022-01-03 09:45:00-05:00,16447.25,16487.25,16407.25,2022-01-03 09:47:00-05:00,16407.25,target,39.5,78.0
2022-01-05,short,2022-01-05 09:45:00-05:00,16201.5,16241.5,16161.5,2022-01-05 09:47:00-05:00,16161.5,target,39.5,78.0
2022-01-10,short,2022-01-10 09:45:00-05:00,15330.0,15370.0,15290.0,2022-01-10 09:48:00-05:00,15290.0,target,39.5,78.0
2022-01-11,short,2022-01-11 09:45:00-05:00,15553.5,15593.5,15513.5,2022-01-11 09:46:00-05:00,15513.5,target,39.5,78.0
2022-01-14,long,2022-01-14 09:45:00-05:00,15436.25,15396.25,15476.25,2022-01-14 09:46:00-05:00,15476.25,target,39.5,78.0
2022-01-18,short,2022-01-18 09:45:00-05:00,15330.0,15370.0,15290.0,2022-01-18 09:51:00-05:00,15290.0,target,39.5,78.0
2022-01-19,short,2022-01-19 09:45:00-05:00,15330.0,15370.0,15290.0,2022-01-19 10:04:00-05:00,15370.0,stop,-40.5,-82.0
2022-01-21,short,2022-01-21 09:45:00-05:00,14716.75,14756.75,14676.75,2022-01-21 09:47:00-05:00,14756.75,stop,-40.5,-82.0
2022-01-28,short,2022-01-28 09:45:00-05:00,13915.25,13955.25,13875.25,2022-01-28 09:47:00-05:00,13875.25,target,39.5,78.0
2022-01-31,long,2022-01-31 09:45:00-05:00,14574.5,14534.5,14614.5,2022-01-31 09:49:00-05:00,14534.5,stop,-40.5,-82.0
2022-02-01,short,2022-02-01 09:45:00-05:00,14948.0,14988.0,14908.0,2022-02-01 09:46:00-05:00,14908.0,target,39.5,78.0
2022-02-02,long,2022-02-02 09:45:00-05:00,15073.75,15033.75,15113.75,2022-02-02 09:49:00-05:00,15033.75,stop,-40.5,-82.0
2022-02-03,long,2022-02-03 09:45:00-05:00,14723.5,14683.5,14763.5,2022-02-03 10:01:00-05:00,14683.5,stop,-40.5,-82.0
2022-02-04,long,2022-02-04 09:45:00-05:00,14574.5,14534.5,14614.5,2022-02-04 09:50:00-05:00,14534.5,stop,-40.5,-82.0
2022-02-07,long,2022-02-07 09:45:00-05:00,14723.5,14683.5,14763.5,2022-02-07 09:46:00-05:00,14763.5,target,39.5,78.0
2022-02-08,short,2022-02-08 09:45:00-05:00,14567.0,14607.0,14527.0,2022-02-08 09:50:00-05:00,14527.0,target,39.5,78.0
2022-02-09,short,2022-02-09 09:45:00-05:00,14948.0,14988.0,14908.0,2022-02-09 09:46:00-05:00,14908.0,target,39.5,78.0
2022-02-10,long,2022-02-10 09:45:00-05:00,14828.75,14788.75,14868.75,2022-02-10 09:50:00-05:00,14868.75,target,39.5,78.0
2022-02-11,long,2022-02-11 09:45:00-05:00,14671.25,14631.25,14711.25,2022-02-11 09:46:00-05:00,14711.25,target,39.5,78.0
2022-03-17,long,2022-03-17 09:45:00-04:00,13894.0,13854.0,13934.0,2022-03-17 09:55:00-04:00,13934.0,target,39.5,78.0
2022-03-23,short,2022-03-23 09:45:00-04:00,14521.25,14561.25,14481.25,2022-03-23 09:46:00-04:00,14481.25,target,39.5,78.0
2022-03-24,short,2022-03-24 09:45:00-04:00,14521.25,14561.25,14481.25,2022-03-24 09:50:00-04:00,14481.25,target,39.5,78.0
2022-03-25,long,2022-03-25 09:45:00-04:00,14723.5,14683.5,14763.5,2022-03-25 09:46:00-04:00,14763.5,target,39.5,78.0
2022-03-28,long,2022-03-28 09:45:00-04:00,14789.5,14749.5,14829.5,2022-03-28 09:46:00-04:00,14829.5,target,39.5,78.0
2022-03-31,short,2022-03-31 09:45:00-04:00,15065.75,15105.75,15025.75,2022-03-31 09:46:00-04:00,15025.75,target,39.5,78.0
2022-04-01,long,2022-04-01 09:45:00-04:00,14885.5,14845.5,14925.5,2022-04-01 09:51:00-04:00,14845.5,stop,-40.5,-82.0
2022-04-04,long,2022-04-04 09:45:00-04:00,14891.5,14851.5,14931.5,2022-04-04 09:46:00-04:00,14931.5,target,39.5,78.0
2022-04-05,long,2022-04-05 09:45:00-04:00,15101.0,15061.0,15141.0,2022-04-05 09:52:00-04:00,15061.0,stop,-40.5,-82.0
2022-04-06,short,2022-04-06 09:45:00-04:00,14567.0,14607.0,14527.0,2022-04-06 09:47:00-04:00,14527.0,target,39.5,78.0
2022-04-07,short,2022-04-07 09:45:00-04:00,14567.0,14607.0,14527.0,2022-04-07 09:46:00-04:00,14527.0,target,39.5,78.0
2022-08-12,long,2022-08-12 09:45:00-04:00,13377.0,13337.0,13417.0,2022-08-12 09:46:00-04:00,13417.0,target,39.5,78.0
2022-08-19,short,2022-08-19 09:45:00-04:00,13372.75,13412.75,13332.75,2022-08-19 09:46:00-04:00,13332.75,target,39.5,78.0
2022-08-29,long,2022-08-29 09:45:00-04:00,12515.75,12475.75,12555.75,2022-08-29 09:46:00-04:00,12555.75,target,39.5,78.0
2022-08-30,short,2022-08-30 09:45:00-04:00,12512.25,12552.25,12472.25,2022-08-30 09:56:00-04:00,12472.25,target,39.5,78.0
2022-09-06,short,2022-09-06 09:45:00-04:00,12089.0,12129.0,12049.0,2022-09-06 09:53:00-04:00,12049.0,target,39.5,78.0
2022-09-07,long,2022-09-07 09:45:00-04:00,12091.75,12051.75,12131.75,2022-09-07 10:00:00-04:00,12051.75,stop,-40.5,-82.0
2022-09-12,long,2022-09-12 09:45:00-04:00,12747.0,12707.0,12787.0,2022-09-12 09:52:00-04:00,12787.0,target,39.5,78.0
2022-09-27,short,2022-09-27 09:45:00-04:00,11543.25,11583.25,11503.25,2022-09-27 09:49:00-04:00,11503.25,target,39.5,78.0
2022-09-29,short,2022-09-29 09:45:00-04:00,11338.75,11378.75,11298.75,2022-09-29 09:46:00-04:00,11298.75,target,39.5,78.0
2022-10-04,long,2022-10-04 09:45:00-04:00,11548.75,11508.75,11588.75,2022-10-04 09:49:00-04:00,11588.75,target,39.5,78.0
2022-10-06,long,2022-10-06 09:45:00-04:00,11685.25,11645.25,11725.25,2022-10-06 09:58:00-04:00,11645.25,stop,-40.5,-82.0
2022-10-07,short,2022-10-07 09:45:00-04:00,11338.75,11378.75,11298.75,2022-10-07 09:46:00-04:00,11298.75,target,39.5,78.0
2022-10-24,long,2022-10-24 09:45:00-04:00,11347.75,11307.75,11387.75,2022-10-24 09:46:00-04:00,11387.75,target,39.5,78.0
2022-10-25,long,2022-10-25 09:45:00-04:00,11548.75,11508.75,11588.75,2022-10-25 09:46:00-04:00,11588.75,target,39.5,78.0
2022-10-26,long,2022-10-26 09:45:00-04:00,11467.0,11427.0,11507.0,2022-10-26 09:48:00-04:00,11507.0,target,39.5,78.0
2022-10-27,short,2022-10-27 09:45:00-04:00,11458.5,11498.5,11418.5,2022-10-27 09:46:00-04:00,11418.5,target,39.5,78.0
2022-10-28,long,2022-10-28 09:45:00-04:00,11267.0,11227.0,11307.0,2022-10-28 09:46:00-04:00,11307.0,target,39.5,78.0
2022-10-31,short,2022-10-31 09:45:00-04:00,11458.5,11498.5,11418.5,2022-10-31 09:50:00-04:00,11418.5,target,39.5,78.0
2022-11-01,short,2022-11-01 09:45:00-04:00,11567.0,11607.0,11527.0,2022-11-01 09:48:00-04:00,11527.0,target,39.5,78.0
2022-11-10,short,2022-11-10 09:45:00-05:00,11338.75,11378.75,11298.75,2022-11-10 09:49:00-05:00,11378.75,stop,-40.5,-82.0
2022-11-11,long,2022-11-11 09:45:00-05:00,11575.5,11535.5,11615.5,2022-11-11 09:46:00-05:00,11615.5,target,39.5,78.0
2022-11-17,long,2022-11-17 09:45:00-05:00,11548.75,11508.75,11588.75,2022-11-17 09:46:00-05:00,11588.75,target,39.5,78.0
2022-11-21,short,2022-11-21 09:45:00-05:00,11681.25,11721.25,11641.25,2022-11-21 10:03:00-05:00,11641.25,target,39.5,78.0
2022-11-22,short,2022-11-22 09:45:00-05:00,11564.5,11604.5,11524.5,2022-11-22 10:12:00-05:00,11604.5,stop,-40.5,-82.0
2022-11-28,long,2022-11-28 09:45:00-05:00,11748.5,11708.5,11788.5,2022-11-28 10:22:00-05:00,11708.5,stop,-40.5,-82.0
2022-11-30,short,2022-11-30 09:45:00-05:00,11564.5,11604.5,11524.5,2022-11-30 10:00:00-05:00,11524.5,target,39.5,78.0
2022-12-01,long,2022-12-01 09:45:00-05:00,12065.75,12025.75,12105.75,2022-12-01 09:46:00-05:00,12105.75,target,39.5,78.0
2022-12-02,long,2022-12-02 09:45:00-05:00,11848.75,11808.75,11888.75,2022-12-02 09:46:00-05:00,11888.75,target,39.5,78.0
2022-12-05,long,2022-12-05 09:45:00-05:00,11919.75,11879.75,11959.75,2022-12-05 09:46:00-05:00,11959.75,target,39.5,78.0
2022-12-06,short,2022-12-06 09:45:00-05:00,11741.25,11781.25,11701.25,2022-12-06 09:54:00-05:00,11701.25,target,39.5,78.0
2022-12-07,short,2022-12-07 09:45:00-05:00,11578.0,11618.0,11538.0,2022-12-07 09:46:00-05:00,11538.0,target,39.5,78.0
2022-12-08,short,2022-12-08 09:45:00-05:00,11564.5,11604.5,11524.5,2022-12-08 09:46:00-05:00,11524.5,target,39.5,78.0
2022-12-09,long,2022-12-09 09:45:00-05:00,11575.5,11535.5,11615.5,2022-12-09 09:46:00-05:00,11615.5,target,39.5,78.0
2022-12-12,short,2022-12-12 09:45:00-05:00,11689.5,11729.5,11649.5,2022-12-12 10:50:00-05:00,11649.5,target,39.5,78.0
2022-12-15,short,2022-12-15 09:45:00-05:00,11689.5,11729.5,11649.5,2022-12-15 09:46:00-05:00,11649.5,target,39.5,78.0
2022-12-16,long,2022-12-16 09:45:00-05:00,11436.25,11396.25,11476.25,2022-12-16 09:49:00-05:00,11476.25,target,39.5,78.0
2022-12-19,short,2022-12-19 09:45:00-05:00,11338.75,11378.75,11298.75,2022-12-19 09:46:00-05:00,11298.75,target,39.5,78.0
2023-01-04,short,2023-01-04 09:45:00-05:00,10993.75,11033.75,10953.75,2023-01-04 10:00:00-05:00,10953.75,target,39.5,78.0
2023-01-05,short,2023-01-05 09:45:00-05:00,10855.5,10895.5,10815.5,2023-01-05 09:47:00-05:00,10815.5,target,39.5,78.0
2023-01-06,short,2023-01-06 09:45:00-05:00,10855.5,10895.5,10815.5,2023-01-06 09:46:00-05:00,10815.5,target,39.5,78.0
2023-01-09,long,2023-01-09 09:45:00-05:00,11209.0,11169.0,11249.0,2023-01-09 09:46:00-05:00,11249.0,target,39.5,78.0
2023-01-10,short,2023-01-10 09:45:00-05:00,11205.25,11245.25,11165.25,2023-01-10 09:46:00-05:00,11165.25,target,39.5,78.0
2023-01-11,short,2023-01-11 09:45:00-05:00,11338.75,11378.75,11298.75,2023-01-11 10:26:00-05:00,11378.75,stop,-40.5,-82.0
2023-01-12,short,2023-01-12 09:45:00-05:00,11456.75,11496.75,11416.75,2023-01-12 09:46:00-05:00,11416.75,target,39.5,78.0
2023-01-13,long,2023-01-13 09:45:00-05:00,11436.25,11396.25,11476.25,2023-01-13 09:56:00-05:00,11476.25,target,39.5,78.0
2023-01-17,long,2023-01-17 09:45:00-05:00,11575.5,11535.5,11615.5,2023-01-17 09:53:00-05:00,11615.5,target,39.5,78.0
2023-01-18,long,2023-01-18 09:45:00-05:00,11685.25,11645.25,11725.25,2023-01-18 10:00:00-05:00,11725.25,target,39.5,78.0
2023-01-19,short,2023-01-19 09:45:00-05:00,11430.75,11470.75,11390.75,2023-01-19 09:46:00-05:00,11390.75,target,39.5,78.0
2023-01-20,short,2023-01-20 09:45:00-05:00,11430.75,11470.75,11390.75,2023-01-20 09:52:00-05:00,11470.75,stop,-40.5,-82.0
2023-01-23,long,2023-01-23 09:45:00-05:00,11685.25,11645.25,11725.25,2023-01-23 09:46:00-05:00,11725.25,target,39.5,78.0
2023-01-24,long,2023-01-24 09:45:00-05:00,11848.75,11808.75,11888.75,2023-01-24 09:46:00-05:00,11888.75,target,39.5,78.0
2023-01-25,short,2023-01-25 09:45:00-05:00,11718.0,11758.0,11678.0,2023-01-25 09:46:00-05:00,11678.0,target,39.5,78.0
2023-01-26,long,2023-01-26 09:45:00-05:00,12004.25,11964.25,12044.25,2023-01-26 09:51:00-05:00,11964.25,stop,-40.5,-82.0
2023-01-27,long,2023-01-27 09:45:00-05:00,12065.75,12025.75,12105.75,2023-01-27 09:46:00-05:00,12105.75,target,39.5,78.0
2023-01-30,long,2023-01-30 09:45:00-05:00,12065.75,12025.75,12105.75,2023-01-30 09:46:00-05:00,12105.75,target,39.5,78.0
2023-01-31,long,2023-01-31 09:45:00-05:00,12004.25,11964.25,12044.25,2023-01-31 09:49:00-05:00,12044.25,target,39.5,78.0
2023-02-01,long,2023-02-01 09:45:00-05:00,12105.75,12065.75,12145.75,2023-02-01 09:52:00-05:00,12145.75,target,39.5,78.0
2023-02-06,long,2023-02-06 09:45:00-05:00,12515.75,12475.75,12555.75,2023-02-06 09:46:00-05:00,12555.75,target,39.5,78.0
2023-02-07,long,2023-02-07 09:45:00-05:00,12515.75,12475.75,12555.75,2023-02-07 11:08:00-05:00,12555.75,target,39.5,78.0
2023-02-08,short,2023-02-08 09:45:00-05:00,12741.5,12781.5,12701.5,2023-02-08 09:50:00-05:00,12701.5,target,39.5,78.0
2023-02-13,long,2023-02-13 09:45:00-05:00,12404.5,12364.5,12444.5,2023-02-13 09:57:00-05:00,12444.5,target,39.5,78.0
2023-02-14,long,2023-02-14 09:45:00-05:00,12404.5,12364.5,12444.5,2023-02-14 09:46:00-05:00,12444.5,target,39.5,78.0
2023-02-16,long,2023-02-16 09:45:00-05:00,12515.75,12475.75,12555.75,2023-02-16 09:46:00-05:00,12555.75,target,39.5,78.0
2023-02-17,short,2023-02-17 09:45:00-05:00,12398.75,12438.75,12358.75,2023-02-17 09:46:00-05:00,12358.75,target,39.5,78.0
2023-02-23,short,2023-02-23 09:45:00-05:00,12219.25,12259.25,12179.25,2023-02-23 10:07:00-05:00,12179.25,target,39.5,78.0
2023-02-24,short,2023-02-24 09:45:00-05:00,11999.5,12039.5,11959.5,2023-02-24 09:46:00-05:00,11959.5,target,39.5,78.0
2023-02-28,long,2023-02-28 09:45:00-05:00,12091.75,12051.75,12131.75,2023-02-28 10:52:00-05:00,12051.75,stop,-40.5,-82.0
2023-03-01,long,2023-03-01 09:45:00-05:00,12044.0,12004.0,12084.0,2023-03-01 10:05:00-05:00,12004.0,stop,-40.5,-82.0
2023-03-09,long,2023-03-09 09:45:00-05:00,12292.25,12252.25,12332.25,2023-03-09 09:51:00-05:00,12332.25,target,39.5,78.0
2023-03-10,short,2023-03-10 09:45:00-05:00,11999.5,12039.5,11959.5,2023-03-10 09:46:00-05:00,11959.5,target,39.5,78.0
2023-03-13,long,2023-03-13 09:45:00-04:00,11847.25,11807.25,11887.25,2023-03-13 09:47:00-04:00,11887.25,target,39.5,78.0
2023-03-14,long,2023-03-14 09:45:00-04:00,12217.5,12177.5,12257.5,2023-03-14 09:46:00-04:00,12257.5,target,39.5,78.0
2023-03-15,long,2023-03-15 09:45:00-04:00,12217.5,12177.5,12257.5,2023-03-15 10:05:00-04:00,12257.5,target,39.5,78.0
2023-03-20,short,2023-03-20 09:45:00-04:00,12564.25,12604.25,12524.25,2023-03-20 10:02:00-04:00,12604.25,stop,-40.5,-82.0
2023-03-22,long,2023-03-22 09:45:00-04:00,12854.0,12814.0,12894.0,2023-03-22 09:51:00-04:00,12894.0,target,39.5,78.0
2023-03-23,long,2023-03-23 09:45:00-04:00,12854.0,12814.0,12894.0,2023-03-23 09:58:00-04:00,12894.0,target,39.5,78.0
2023-03-31,long,2023-03-31 09:45:00-04:00,13117.25,13077.25,13157.25,2023-03-31 10:01:00-04:00,13157.25,target,39.5,78.0
2023-04-11,long,2023-04-11 09:45:00-04:00,13117.25,13077.25,13157.25,2023-04-11 10:17:00-04:00,13077.25,stop,-40.5,-82.0
2023-04-12,short,2023-04-12 09:45:00-04:00,13111.25,13151.25,13071.25,2023-04-12 09:46:00-04:00,13071.25,target,39.5,78.0
2023-04-19,long,2023-04-19 09:45:00-04:00,13081.5,13041.5,13121.5,2023-04-19 09:46:00-04:00,13121.5,target,39.5,78.0
2023-04-20,long,2023-04-20 09:45:00-04:00,13081.5,13041.5,13121.5,2023-04-20 09:46:00-04:00,13121.5,target,39.5,78.0
2023-04-24,long,2023-04-24 09:45:00-04:00,13081.5,13041.5,13121.5,2023-04-24 09:46:00-04:00,13121.5,target,39.5,78.0
2023-04-27,short,2023-04-27 09:45:00-04:00,13036.0,13076.0,12996.0,2023-04-27 10:14:00-04:00,13076.0,stop,-40.5,-82.0
2023-05-04,short,2023-05-04 09:45:00-04:00,13077.0,13117.0,13037.0,2023-05-04 09:46:00-04:00,13037.0,target,39.5,78.0
2023-05-05,long,2023-05-05 09:45:00-04:00,13135.0,13095.0,13175.0,2023-05-05 09:49:00-04:00,13175.0,target,39.5,78.0
2023-08-15,short,2023-08-15 09:45:00-04:00,15232.75,15272.75,15192.75,2023-08-15 09:46:00-04:00,15192.75,target,39.5,78.0
2023-08-22,short,2023-08-22 09:45:00-04:00,15048.75,15088.75,15008.75,2023-08-22 09:55:00-04:00,15008.75,target,39.5,78.0
2023-08-24,short,2023-08-24 09:45:00-04:00,15232.75,15272.75,15192.75,2023-08-24 09:50:00-04:00,15192.75,target,39.5,78.0
2023-08-28,short,2023-08-28 09:45:00-04:00,15086.75,15126.75,15046.75,2023-08-28 09:49:00-04:00,15046.75,target,39.5,78.0
2023-08-29,long,2023-08-29 09:45:00-04:00,15093.25,15053.25,15133.25,2023-08-29 09:46:00-04:00,15133.25,target,39.5,78.0
2023-09-01,short,2023-09-01 09:45:00-04:00,15583.0,15623.0,15543.0,2023-09-01 09:46:00-04:00,15543.0,target,39.5,78.0
2023-09-07,short,2023-09-07 09:45:00-04:00,15232.75,15272.75,15192.75,2023-09-07 09:53:00-04:00,15192.75,target,39.5,78.0
2023-09-11,short,2023-09-11 09:45:00-04:00,15583.0,15623.0,15543.0,2023-09-11 10:12:00-04:00,15543.0,target,39.5,78.0
2023-09-12,long,2023-09-12 09:45:00-04:00,15589.25,15549.25,15629.25,2023-09-12 09:47:00-04:00,15629.25,target,39.5,78.0
2023-09-13,short,2023-09-13 09:45:00-04:00,15551.25,15591.25,15511.25,2023-09-13 09:54:00-04:00,15511.25,target,39.5,78.0
2023-09-14,long,2023-09-14 09:45:00-04:00,15589.25,15549.25,15629.25,2023-09-14 09:55:00-04:00,15549.25,stop,-40.5,-82.0
2023-09-15,short,2023-09-15 09:45:00-04:00,15581.5,15621.5,15541.5,2023-09-15 09:46:00-04:00,15541.5,target,39.5,78.0
2023-10-09,long,2023-10-09 09:45:00-04:00,15021.0,14981.0,15061.0,2023-10-09 09:50:00-04:00,15061.0,target,39.5,78.0
2023-10-10,short,2023-10-10 09:45:00-04:00,15211.25,15251.25,15171.25,2023-10-10 10:00:00-04:00,15251.25,stop,-40.5,-82.0
2023-10-11,short,2023-10-11 09:45:00-04:00,15372.25,15412.25,15332.25,2023-10-11 09:50:00-04:00,15332.25,target,39.5,78.0
2023-10-12,short,2023-10-12 09:45:00-04:00,15385.0,15425.0,15345.0,2023-10-12 10:07:00-04:00,15425.0,stop,-40.5,-82.0
2023-10-16,short,2023-10-16 09:45:00-04:00,15232.75,15272.75,15192.75,2023-10-16 09:49:00-04:00,15192.75,target,39.5,78.0
2023-10-19,long,2023-10-19 09:45:00-04:00,15040.0,15000.0,15080.0,2023-10-19 10:10:00-04:00,15080.0,target,39.5,78.0
2023-10-24,short,2023-10-24 09:45:00-04:00,14799.75,14839.75,14759.75,2023-10-24 09:51:00-04:00,14759.75,target,39.5,78.0
2023-10-25,short,2023-10-25 09:45:00-04:00,14626.75,14666.75,14586.75,2023-10-25 10:39:00-04:00,14666.75,stop,-40.5,-82.0
2023-11-03,long,2023-11-03 09:45:00-04:00,15054.0,15014.0,15094.0,2023-11-03 09:46:00-04:00,15094.0,target,39.5,78.0
2023-11-06,long,2023-11-06 09:45:00-05:00,15215.5,15175.5,15255.5,2023-11-06 11:30:00-05:00,15221.5,time,5.5,10.0
2023-11-07,short,2023-11-07 09:45:00-05:00,15256.5,15296.5,15216.5,2023-11-07 09:56:00-05:00,15296.5,stop,-40.5,-82.0
2023-11-08,long,2023-11-08 09:45:00-05:00,15376.0,15336.0,15416.0,2023-11-08 09:55:00-05:00,15416.0,target,39.5,78.0
2023-11-09,short,2023-11-09 09:45:00-05:00,15412.5,15452.5,15372.5,2023-11-09 09:47:00-05:00,15372.5,target,39.5,78.0
2023-11-10,short,2023-11-10 09:45:00-05:00,15372.25,15412.25,15332.25,2023-11-10 10:06:00-05:00,15332.25,target,39.5,78.0
2023-11-27,long,2023-11-27 09:45:00-05:00,15984.0,15944.0,16024.0,2023-11-27 10:07:00-05:00,16024.0,target,39.5,78.0
2023-11-28,short,2023-11-28 09:45:00-05:00,15977.0,16017.0,15937.0,2023-11-28 10:40:00-05:00,16017.0,stop,-40.5,-82.0
2023-11-30,short,2023-11-30 09:45:00-05:00,15977.0,16017.0,15937.0,2023-11-30 10:02:00-05:00,15937.0,target,39.5,78.0
2023-12-01,long,2023-12-01 09:45:00-05:00,15898.0,15858.0,15938.0,2023-12-01 09:46:00-05:00,15938.0,target,39.5,78.0
2023-12-05,short,2023-12-05 09:45:00-05:00,15830.5,15870.5,15790.5,2023-12-05 10:00:00-05:00,15870.5,stop,-40.5,-82.0
2023-12-06,short,2023-12-06 09:45:00-05:00,15977.0,16017.0,15937.0,2023-12-06 10:00:00-05:00,15937.0,target,39.5,78.0
2023-12-07,short,2023-12-07 09:45:00-05:00,15977.0,16017.0,15937.0,2023-12-07 09:46:00-05:00,15937.0,target,39.5,78.0
2023-12-08,long,2023-12-08 09:45:00-05:00,15984.0,15944.0,16024.0,2023-12-08 10:00:00-05:00,16024.0,target,39.5,78.0
2024-02-20,long,2024-02-20 09:45:00-05:00,17587.5,17547.5,17627.5,2024-02-20 09:52:00-05:00,17547.5,stop,-40.5,-82.0
2024-04-08,short,2024-04-08 09:45:00-04:00,18333.75,18373.75,18293.75,2024-04-08 09:46:00-04:00,18293.75,target,39.5,78.0
2024-04-15,short,2024-04-15 09:45:00-04:00,18333.75,18373.75,18293.75,2024-04-15 09:47:00-04:00,18293.75,target,39.5,78.0
2024-04-18,long,2024-04-18 09:45:00-04:00,17587.5,17547.5,17627.5,2024-04-18 09:47:00-04:00,17627.5,target,39.5,78.0
2024-05-02,short,2024-05-02 09:45:00-04:00,17583.75,17623.75,17543.75,2024-05-02 09:46:00-04:00,17543.75,target,39.5,78.0
2024-05-06,long,2024-05-06 09:45:00-04:00,18055.0,18015.0,18095.0,2024-05-06 09:48:00-04:00,18095.0,target,39.5,78.0
2024-05-07,short,2024-05-07 09:45:00-04:00,18221.5,18261.5,18181.5,2024-05-07 10:01:00-04:00,18181.5,target,39.5,78.0
2024-05-13,short,2024-05-13 09:45:00-04:00,18333.75,18373.75,18293.75,2024-05-13 09:46:00-04:00,18293.75,target,39.5,78.0
2024-07-19,short,2024-07-19 09:45:00-04:00,19972.5,20012.5,19932.5,2024-07-19 09:46:00-04:00,19932.5,target,39.5,78.0
2024-07-22,long,2024-07-22 09:45:00-04:00,19977.75,19937.75,20017.75,2024-07-22 09:47:00-04:00,20017.75,target,39.5,78.0
2024-07-23,long,2024-07-23 09:45:00-04:00,19980.25,19940.25,20020.25,2024-07-23 09:46:00-04:00,20020.25,target,39.5,78.0
2024-08-02,long,2024-08-02 09:45:00-04:00,18701.0,18661.0,18741.0,2024-08-02 09:46:00-04:00,18661.0,stop,-40.5,-82.0
2024-08-05,long,2024-08-05 09:45:00-04:00,17587.5,17547.5,17627.5,2024-08-05 09:46:00-04:00,17627.5,target,39.5,78.0
2024-08-06,short,2024-08-06 09:45:00-04:00,18049.75,18089.75,18009.75,2024-08-06 09:46:00-04:00,18009.75,target,39.5,78.0
2024-08-07,long,2024-08-07 09:45:00-04:00,18486.0,18446.0,18526.0,2024-08-07 09:46:00-04:00,18526.0,target,39.5,78.0
2024-08-08,short,2024-08-08 09:45:00-04:00,18235.25,18275.25,18195.25,2024-08-08 09:46:00-04:00,18195.25,target,39.5,78.0
2024-08-09,short,2024-08-09 09:45:00-04:00,18479.5,18519.5,18439.5,2024-08-09 09:46:00-04:00,18439.5,target,39.5,78.0
2024-08-22,short,2024-08-22 09:45:00-04:00,19972.5,20012.5,19932.5,2024-08-22 10:06:00-04:00,19932.5,target,39.5,78.0
2024-09-06,long,2024-09-06 09:45:00-04:00,18818.75,18778.75,18858.75,2024-09-06 09:46:00-04:00,18858.75,target,39.5,78.0
2024-09-10,short,2024-09-10 09:45:00-04:00,18812.5,18852.5,18772.5,2024-09-10 09:46:00-04:00,18772.5,target,39.5,78.0
2024-09-11,long,2024-09-11 09:45:00-04:00,18818.75,18778.75,18858.75,2024-09-11 09:53:00-04:00,18778.75,stop,-40.5,-82.0
2024-09-16,short,2024-09-16 09:45:00-04:00,19613.0,19653.0,19573.0,2024-09-16 09:50:00-04:00,19653.0,stop,-40.5,-82.0
2024-10-03,long,2024-10-03 09:45:00-04:00,19971.0,19931.0,20011.0,2024-10-03 09:54:00-04:00,20011.0,target,39.5,78.0
2024-10-31,short,2024-10-31 09:45:00-04:00,20309.25,20349.25,20269.25,2024-10-31 09:46:00-04:00,20269.25,target,39.5,78.0
2024-11-04,long,2024-11-04 09:45:00-05:00,20034.75,19994.75,20074.75,2024-11-04 09:46:00-05:00,20074.75,target,39.5,78.0
2024-11-05,short,2024-11-05 09:45:00-05:00,20234.25,20274.25,20194.25,2024-11-05 09:55:00-05:00,20274.25,stop,-40.5,-82.0
2024-11-20,short,2024-11-20 09:45:00-05:00,20664.5,20704.5,20624.5,2024-11-20 09:58:00-05:00,20624.5,target,39.5,78.0
2024-11-21,long,2024-11-21 09:45:00-05:00,20670.5,20630.5,20710.5,2024-11-21 09:46:00-05:00,20710.5,target,39.5,78.0
2025-01-02,long,2025-01-02 09:45:00-05:00,21187.25,21147.25,21227.25,2025-01-02 09:46:00-05:00,21227.25,target,39.5,78.0
2025-01-10,short,2025-01-10 09:45:00-05:00,21180.5,21220.5,21140.5,2025-01-10 09:46:00-05:00,21140.5,target,39.5,78.0
2025-01-21,short,2025-01-21 09:45:00-05:00,21694.0,21734.0,21654.0,2025-01-21 09:46:00-05:00,21654.0,target,39.5,78.0
2025-01-27,long,2025-01-27 09:45:00-05:00,21187.5,21147.5,21227.5,2025-01-27 09:46:00-05:00,21227.5,target,39.5,78.0
2025-01-28,long,2025-01-28 09:45:00-05:00,21187.5,21147.5,21227.5,2025-01-28 09:51:00-05:00,21227.5,target,39.5,78.0
2025-02-03,short,2025-02-03 09:45:00-05:00,21306.5,21346.5,21266.5,2025-02-03 09:46:00-05:00,21266.5,target,39.5,78.0
2025-02-24,long,2025-02-24 09:45:00-05:00,21701.25,21661.25,21741.25,2025-02-24 09:52:00-05:00,21661.25,stop,-40.5,-82.0
2025-02-27,long,2025-02-27 09:45:00-05:00,21189.5,21149.5,21229.5,2025-02-27 09:46:00-05:00,21229.5,target,39.5,78.0
2025-02-28,short,2025-02-28 09:45:00-05:00,20626.0,20666.0,20586.0,2025-02-28 09:46:00-05:00,20586.0,target,39.5,78.0
2025-03-04,short,2025-03-04 09:45:00-05:00,20309.25,20349.25,20269.25,2025-03-04 09:46:00-05:00,20349.25,stop,-40.5,-82.0
2025-03-05,short,2025-03-05 09:45:00-05:00,20429.0,20469.0,20389.0,2025-03-05 09:47:00-05:00,20389.0,target,39.5,78.0
2025-03-06,long,2025-03-06 09:45:00-05:00,20244.0,20204.0,20284.0,2025-03-06 09:47:00-05:00,20284.0,target,39.5,78.0
2025-03-07,long,2025-03-07 09:45:00-05:00,20034.75,19994.75,20074.75,2025-03-07 09:46:00-05:00,20074.75,target,39.5,78.0
2025-03-20,long,2025-03-20 09:45:00-04:00,19817.75,19777.75,19857.75,2025-03-20 09:46:00-04:00,19857.75,target,39.5,78.0
2025-03-21,short,2025-03-21 09:45:00-04:00,19705.5,19745.5,19665.5,2025-03-21 09:46:00-04:00,19665.5,target,39.5,78.0
2025-03-24,long,2025-03-24 09:45:00-04:00,20244.0,20204.0,20284.0,2025-03-24 09:46:00-04:00,20284.0,target,39.5,78.0
2025-03-26,short,2025-03-26 09:45:00-04:00,20454.75,20494.75,20414.75,2025-03-26 09:47:00-04:00,20414.75,target,39.5,78.0
2025-03-27,long,2025-03-27 09:45:00-04:00,19971.0,19931.0,20011.0,2025-03-27 09:49:00-04:00,20011.0,target,39.5,78.0
2025-04-23,long,2025-04-23 09:45:00-04:00,18969.0,18929.0,19009.0,2025-04-23 09:46:00-04:00,19009.0,target,39.5,78.0
2025-04-30,short,2025-04-30 09:45:00-04:00,19254.25,19294.25,19214.25,2025-04-30 09:46:00-04:00,19214.25,target,39.5,78.0
2025-05-02,long,2025-05-02 09:45:00-04:00,20071.0,20031.0,20111.0,2025-05-02 09:46:00-04:00,20111.0,target,39.5,78.0
2025-05-05,short,2025-05-05 09:45:00-04:00,20029.25,20069.25,19989.25,2025-05-05 09:57:00-04:00,20069.25,stop,-40.5,-82.0
2025-05-06,long,2025-05-06 09:45:00-04:00,19817.75,19777.75,19857.75,2025-05-06 09:51:00-04:00,19777.75,stop,-40.5,-82.0
2025-05-09,short,2025-05-09 09:45:00-04:00,20237.25,20277.25,20197.25,2025-05-09 10:20:00-04:00,20197.25,target,39.5,78.0
2025-05-15,short,2025-05-15 09:45:00-04:00,21306.5,21346.5,21266.5,2025-05-15 09:46:00-04:00,21266.5,target,39.5,78.0
2025-05-16,long,2025-05-16 09:45:00-04:00,21406.0,21366.0,21446.0,2025-05-16 09:50:00-04:00,21446.0,target,39.5,78.0
2025-05-19,long,2025-05-19 09:45:00-04:00,21277.75,21237.75,21317.75,2025-05-19 09:46:00-04:00,21317.75,target,39.5,78.0
2025-05-20,long,2025-05-20 09:45:00-04:00,21406.0,21366.0,21446.0,2025-05-20 09:47:00-04:00,21366.0,stop,-40.5,-82.0
2025-05-21,long,2025-05-21 09:45:00-04:00,21315.75,21275.75,21355.75,2025-05-21 09:46:00-04:00,21355.75,target,39.5,78.0
2025-05-22,long,2025-05-22 09:45:00-04:00,21175.5,21135.5,21215.5,2025-05-22 09:52:00-04:00,21215.5,target,39.5,78.0
2025-05-23,short,2025-05-23 09:45:00-04:00,20937.5,20977.5,20897.5,2025-05-23 09:46:00-04:00,20897.5,target,39.5,78.0
2025-05-26,long,2025-05-26 09:45:00-04:00,21278.0,21238.0,21318.0,2025-05-26 10:35:00-04:00,21238.0,stop,-40.5,-82.0
2025-05-27,long,2025-05-27 09:45:00-04:00,21207.25,21167.25,21247.25,2025-05-27 09:46:00-04:00,21247.25,target,39.5,78.0
2025-05-30,long,2025-05-30 09:45:00-04:00,21315.75,21275.75,21355.75,2025-05-30 09:50:00-04:00,21275.75,stop,-40.5,-82.0
2025-06-02,long,2025-06-02 09:45:00-04:00,21296.25,21256.25,21336.25,2025-06-02 09:46:00-04:00,21336.25,target,39.5,78.0
2025-06-05,short,2025-06-05 09:45:00-04:00,21796.0,21836.0,21756.0,2025-06-05 09:46:00-04:00,21756.0,target,39.5,78.0
2025-06-06,long,2025-06-06 09:45:00-04:00,21804.0,21764.0,21844.0,2025-06-06 09:46:00-04:00,21844.0,target,39.5,78.0
2025-06-09,short,2025-06-09 09:45:00-04:00,21796.0,21836.0,21756.0,2025-06-09 10:12:00-04:00,21836.0,stop,-40.5,-82.0
2025-06-13,long,2025-06-13 09:45:00-04:00,21685.0,21645.0,21725.0,2025-06-13 09:46:00-04:00,21725.0,target,39.5,78.0
2025-06-23,long,2025-06-23 09:45:00-04:00,21791.25,21751.25,21831.25,2025-06-23 09:46:00-04:00,21831.25,target,39.5,78.0
2025-07-23,short,2025-07-23 09:45:00-04:00,23254.0,23294.0,23214.0,2025-07-23 09:46:00-04:00,23214.0,target,39.5,78.0
2025-08-01,short,2025-08-01 09:45:00-04:00,22974.5,23014.5,22934.5,2025-08-01 09:46:00-04:00,22934.5,target,39.5,78.0
2025-08-21,short,2025-08-21 09:45:00-04:00,23254.0,23294.0,23214.0,2025-08-21 09:46:00-04:00,23214.0,target,39.5,78.0
2025-08-22,long,2025-08-22 09:45:00-04:00,23259.75,23219.75,23299.75,2025-08-22 09:46:00-04:00,23299.75,target,39.5,78.0
2025-09-02,long,2025-09-02 09:45:00-04:00,23091.0,23051.0,23131.0,2025-09-02 09:46:00-04:00,23131.0,target,39.5,78.0
2025-11-17,long,2025-11-17 09:45:00-05:00,25118.0,25078.0,25158.0,2025-11-17 09:46:00-05:00,25158.0,target,39.5,78.0
2025-11-25,short,2025-11-25 09:45:00-05:00,24840.5,24880.5,24800.5,2025-11-25 09:46:00-05:00,24800.5,target,39.5,78.0
2025-12-08,long,2025-12-08 09:45:00-05:00,25783.0,25743.0,25823.0,2025-12-08 09:48:00-05:00,25743.0,stop,-40.5,-82.0
2025-12-15,short,2025-12-15 09:45:00-05:00,25659.5,25699.5,25619.5,2025-12-15 09:46:00-05:00,25619.5,target,39.5,78.0
2025-12-22,short,2025-12-22 09:45:00-05:00,25776.75,25816.75,25736.75,2025-12-22 09:46:00-05:00,25736.75,target,39.5,78.0
2025-12-23,long,2025-12-23 09:45:00-05:00,25664.25,25624.25,25704.25,2025-12-23 09:46:00-05:00,25704.25,target,39.5,78.0
2025-12-29,short,2025-12-29 09:45:00-05:00,25776.75,25816.75,25736.75,2025-12-29 09:48:00-05:00,25736.75,target,39.5,78.0
2025-12-31,short,2025-12-31 09:45:00-05:00,25659.5,25699.5,25619.5,2025-12-31 09:46:00-05:00,25619.5,target,39.5,78.0
2026-01-02,long,2026-01-02 09:45:00-05:00,25640.75,25600.75,25680.75,2026-01-02 09:46:00-05:00,25680.75,target,39.5,78.0
2026-01-05,short,2026-01-05 09:45:00-05:00,25659.5,25699.5,25619.5,2026-01-05 09:46:00-05:00,25619.5,target,39.5,78.0
2026-01-06,long,2026-01-06 09:45:00-05:00,25640.75,25600.75,25680.75,2026-01-06 09:46:00-05:00,25680.75,target,39.5,78.0
2026-01-07,long,2026-01-07 09:45:00-05:00,25783.0,25743.0,25823.0,2026-01-07 09:46:00-05:00,25823.0,target,39.5,78.0
2026-01-08,short,2026-01-08 09:45:00-05:00,25776.75,25816.75,25736.75,2026-01-08 09:46:00-05:00,25736.75,target,39.5,78.0
2026-01-09,long,2026-01-09 09:45:00-05:00,25665.25,25625.25,25705.25,2026-01-09 09:46:00-05:00,25705.25,target,39.5,78.0
2026-01-12,long,2026-01-12 09:45:00-05:00,25783.0,25743.0,25823.0,2026-01-12 09:46:00-05:00,25823.0,target,39.5,78.0
2026-01-14,short,2026-01-14 09:45:00-05:00,25776.75,25816.75,25736.75,2026-01-14 09:46:00-05:00,25736.75,target,39.5,78.0
2026-01-20,long,2026-01-20 09:45:00-05:00,25299.0,25259.0,25339.0,2026-01-20 09:50:00-05:00,25339.0,target,39.5,78.0
2026-01-22,short,2026-01-22 09:45:00-05:00,25669.0,25709.0,25629.0,2026-01-22 09:46:00-05:00,25629.0,target,39.5,78.0
2026-01-23,long,2026-01-23 09:45:00-05:00,25614.25,25574.25,25654.25,2026-01-23 09:56:00-05:00,25654.25,target,39.5,78.0
2026-01-26,long,2026-01-26 09:45:00-05:00,25734.5,25694.5,25774.5,2026-01-26 09:46:00-05:00,25774.5,target,39.5,78.0
2026-02-02,short,2026-02-02 09:45:00-05:00,25731.25,25771.25,25691.25,2026-02-02 09:50:00-05:00,25771.25,stop,-40.5,-82.0
2026-02-03,long,2026-02-03 09:45:00-05:00,25735.0,25695.0,25775.0,2026-02-03 09:46:00-05:00,25775.0,target,39.5,78.0
2026-02-04,short,2026-02-04 09:45:00-05:00,25292.75,25332.75,25252.75,2026-02-04 09:47:00-05:00,25332.75,stop,-40.5,-82.0
2026-02-05,short,2026-02-05 09:45:00-05:00,24915.0,24955.0,24875.0,2026-02-05 09:48:00-05:00,24875.0,target,39.5,78.0
2026-02-06,long,2026-02-06 09:45:00-05:00,24725.5,24685.5,24765.5,2026-02-06 09:46:00-05:00,24765.5,target,39.5,78.0
2026-02-09,long,2026-02-09 09:45:00-05:00,25118.0,25078.0,25158.0,2026-02-09 09:46:00-05:00,25158.0,target,39.5,78.0
2026-02-10,short,2026-02-10 09:45:00-05:00,25292.75,25332.75,25252.75,2026-02-10 09:48:00-05:00,25252.75,target,39.5,78.0
2026-02-13,long,2026-02-13 09:45:00-05:00,24725.5,24685.5,24765.5,2026-02-13 09:46:00-05:00,24765.5,target,39.5,78.0
2026-02-16,short,2026-02-16 09:45:00-05:00,24718.5,24758.5,24678.5,2026-02-16 09:54:00-05:00,24758.5,stop,-40.5,-82.0
2026-02-17,short,2026-02-17 09:45:00-05:00,24718.5,24758.5,24678.5,2026-02-17 09:46:00-05:00,24678.5,target,39.5,78.0
2026-02-18,long,2026-02-18 09:45:00-05:00,24818.75,24778.75,24858.75,2026-02-18 09:46:00-05:00,24858.75,target,39.5,78.0
2026-02-19,short,2026-02-19 09:45:00-05:00,24840.5,24880.5,24800.5,2026-02-19 09:46:00-05:00,24800.5,target,39.5,78.0
2026-02-20,long,2026-02-20 09:45:00-05:00,24714.5,24674.5,24754.5,2026-02-20 09:46:00-05:00,24754.5,target,39.5,78.0
2026-02-23,short,2026-02-23 09:45:00-05:00,24915.0,24955.0,24875.0,2026-02-23 09:46:00-05:00,24875.0,target,39.5,78.0
2026-02-24,long,2026-02-24 09:45:00-05:00,24714.5,24674.5,24754.5,2026-02-24 09:46:00-05:00,24754.5,target,39.5,78.0
2026-02-25,long,2026-02-25 09:45:00-05:00,25225.75,25185.75,25265.75,2026-02-25 09:46:00-05:00,25265.75,target,39.5,78.0
2026-02-26,short,2026-02-26 09:45:00-05:00,25292.75,25332.75,25252.75,2026-02-26 09:46:00-05:00,25252.75,target,39.5,78.0
2026-02-27,long,2026-02-27 09:45:00-05:00,24818.75,24778.75,24858.75,2026-02-27 09:46:00-05:00,24858.75,target,39.5,78.0
2026-03-02,long,2026-03-02 09:45:00-05:00,24714.5,24674.5,24754.5,2026-03-02 09:46:00-05:00,24754.5,target,39.5,78.0
2026-03-04,short,2026-03-04 09:45:00-05:00,24915.0,24955.0,24875.0,2026-03-04 09:46:00-05:00,24875.0,target,39.5,78.0
2026-03-05,short,2026-03-05 09:45:00-05:00,25110.5,25150.5,25070.5,2026-03-05 09:46:00-05:00,25070.5,target,39.5,78.0
2026-03-06,long,2026-03-06 09:45:00-05:00,24714.5,24674.5,24754.5,2026-03-06 09:46:00-05:00,24674.5,stop,-40.5,-82.0
2026-03-11,short,2026-03-11 09:45:00-04:00,25110.5,25150.5,25070.5,2026-03-11 09:46:00-04:00,25070.5,target,39.5,78.0
2026-03-12,short,2026-03-12 09:45:00-04:00,24813.25,24853.25,24773.25,2026-03-12 09:46:00-04:00,24773.25,target,39.5,78.0
2026-03-13,long,2026-03-13 09:45:00-04:00,24714.5,24674.5,24754.5,2026-03-13 09:46:00-04:00,24754.5,target,39.5,78.0
2026-03-16,long,2026-03-16 09:45:00-04:00,24845.75,24805.75,24885.75,2026-03-16 09:46:00-04:00,24885.75,target,39.5,78.0
2026-03-17,long,2026-03-17 09:45:00-04:00,25037.25,24997.25,25077.25,2026-03-17 09:46:00-04:00,25077.25,target,39.5,78.0
2026-03-18,long,2026-03-18 09:45:00-04:00,24921.5,24881.5,24961.5,2026-03-18 09:46:00-04:00,24961.5,target,39.5,78.0
2026-04-01,long,2026-04-01 09:45:00-04:00,24070.0,24030.0,24110.0,2026-04-01 09:51:00-04:00,24110.0,target,39.5,78.0
2026-04-02,short,2026-04-02 09:45:00-04:00,23766.75,23806.75,23726.75,2026-04-02 09:51:00-04:00,23806.75,stop,-40.5,-82.0
2026-04-08,short,2026-04-08 09:45:00-04:00,25229.0,25269.0,25189.0,2026-04-08 09:46:00-04:00,25189.0,target,39.5,78.0
2026-04-09,long,2026-04-09 09:45:00-04:00,25037.25,24997.25,25077.25,2026-04-09 09:46:00-04:00,25077.25,target,39.5,78.0
2026-04-10,long,2026-04-10 09:45:00-04:00,25299.0,25259.0,25339.0,2026-04-10 09:47:00-04:00,25339.0,target,39.5,78.0
2026-04-13,short,2026-04-13 09:45:00-04:00,25229.0,25269.0,25189.0,2026-04-13 09:46:00-04:00,25189.0,target,39.5,78.0
2026-04-14,long,2026-04-14 09:45:00-04:00,25665.25,25625.25,25705.25,2026-04-14 09:46:00-04:00,25705.25,target,39.5,78.0
