session_date,side,entry_ts,trigger_price,entry_price,gap_pts,stop_price,target_price,exit_ts,exit_price,exit_reason,pnl_points,pnl_dollars
2020-02-18,long,2020-02-18 09:45:00-05:00,9582.75,9602.75,20.0,9562.75,9642.75,2020-02-18 11:30:00-05:00,9596.0,time,-7.25,-15.5
2020-02-21,short,2020-02-21 09:45:00-05:00,9577.5,9539.75,37.75,9579.75,9499.75,2020-02-21 09:49:00-05:00,9499.75,target,39.5,78.0
2020-02-24,long,2020-02-24 09:45:00-05:00,9045.5,9177.5,132.0,9137.5,9217.5,2020-02-24 10:31:00-05:00,9137.5,stop,-40.5,-82.0
2020-02-26,short,2020-02-26 09:45:00-05:00,8997.5,8997.5,0.0,9037.5,8957.5,2020-02-26 09:51:00-05:00,8957.5,target,39.5,78.0
2020-02-28,short,2020-02-28 09:45:00-05:00,8310.75,8234.75,76.0,8274.75,8194.75,2020-02-28 09:48:00-05:00,8274.75,stop,-40.5,-82.0
2020-03-04,short,2020-03-04 09:45:00-05:00,8721.5,8721.0,0.5,8761.0,8681.0,2020-03-04 09:54:00-05:00,8681.0,target,39.5,78.0
2020-03-05,long,2020-03-05 09:45:00-05:00,8729.5,8768.0,38.5,8728.0,8808.0,2020-03-05 09:52:00-05:00,8728.0,stop,-40.5,-82.0
2020-03-06,long,2020-03-06 09:45:00-05:00,8389.0,8434.5,45.5,8394.5,8474.5,2020-03-06 09:49:00-05:00,8394.5,stop,-40.5,-82.0
2020-03-09,long,2020-03-09 09:49:00-04:00,7815.25,7825.5,10.25,7785.5,7865.5,2020-03-09 09:49:00-04:00,7865.5,target,39.5,78.0
2020-03-10,short,2020-03-10 09:45:00-04:00,8230.25,8164.25,66.0,8204.25,8124.25,2020-03-10 09:58:00-04:00,8204.25,stop,-40.5,-82.0
2020-03-11,short,2020-03-11 09:45:00-04:00,8205.0,8158.25,46.75,8198.25,8118.25,2020-03-11 10:05:00-04:00,8198.25,stop,-40.5,-82.0
2020-03-13,long,2020-03-13 09:45:00-04:00,7557.0,7557.0,0.0,7517.0,7597.0,2020-03-13 09:46:00-04:00,7517.0,stop,-40.5,-82.0
2020-03-25,short,2020-03-25 09:45:00-04:00,7637.75,7609.0,28.75,7649.0,7569.0,2020-03-25 09:47:00-04:00,7569.0,target,39.5,78.0
2020-03-26,short,2020-03-26 09:45:00-04:00,7624.25,7593.0,31.25,7633.0,7553.0,2020-03-26 09:50:00-04:00,7553.0,target,39.5,78.0
2020-03-27,short,2020-03-27 09:45:00-04:00,7679.5,7599.75,79.75,7639.75,7559.75,2020-03-27 09:58:00-04:00,7639.75,stop,-40.5,-82.0
2020-03-30,short,2020-03-30 09:45:00-04:00,7696.5,7660.5,36.0,7700.5,7620.5,2020-03-30 09:52:00-04:00,7700.5,stop,-40.5,-82.0
2020-03-31,short,2020-03-31 09:45:00-04:00,7861.75,7848.75,13.0,7888.75,7808.75,2020-03-31 09:52:00-04:00,7808.75,target,39.5,78.0
2020-04-01,short,2020-04-01 09:45:00-04:00,7626.5,7598.25,28.25,7638.25,7558.25,2020-04-01 10:33:00-04:00,7638.25,stop,-40.5,-82.0
2020-04-02,short,2020-04-02 09:45:00-04:00,7483.5,7440.75,42.75,7480.75,7400.75,2020-04-02 10:00:00-04:00,7480.75,stop,-40.5,-82.0
2020-04-03,short,2020-04-03 09:45:00-04:00,7637.0,7637.0,0.0,7677.0,7597.0,2020-04-03 10:16:00-04:00,7597.0,target,39.5,78.0
2020-04-06,long,2020-04-06 09:45:00-04:00,7752.5,7781.0,28.5,7741.0,7821.0,2020-04-06 09:50:00-04:00,7821.0,target,39.5,78.0
2020-04-07,long,2020-04-07 09:45:00-04:00,8214.25,8234.75,20.5,8194.75,8274.75,2020-04-07 09:55:00-04:00,8274.75,target,39.5,78.0
2020-04-09,short,2020-04-09 09:45:00-04:00,8310.75,8310.75,0.0,8350.75,8270.75,2020-04-09 10:05:00-04:00,8270.75,target,39.5,78.0
2020-04-13,short,2020-04-13 09:45:00-04:00,8236.25,8196.75,39.5,8236.75,8156.75,2020-04-13 10:25:00-04:00,8156.75,target,39.5,78.0
2020-04-14,long,2020-04-14 09:45:00-04:00,8466.75,8538.0,71.25,8498.0,8578.0,2020-04-14 09:55:00-04:00,8578.0,target,39.5,78.0
2020-04-16,short,2020-04-16 09:45:00-04:00,8686.25,8670.0,16.25,8710.0,8630.0,2020-04-16 10:02:00-04:00,8630.0,target,39.5,78.0
2020-04-23,long,2020-04-23 09:45:00-04:00,8693.25,8731.0,37.75,8691.0,8771.0,2020-04-23 10:33:00-04:00,8771.0,target,39.5,78.0
2020-04-29,long,2020-04-29 09:45:00-04:00,8853.25,8863.75,10.5,8823.75,8903.75,2020-04-29 10:16:00-04:00,8903.75,target,39.5,78.0
2020-04-30,short,2020-04-30 09:45:00-04:00,8997.5,8967.0,30.5,9007.0,8927.0,2020-04-30 09:57:00-04:00,9007.0,stop,-40.5,-82.0
2020-05-01,long,2020-05-01 09:45:00-04:00,8785.5,8810.25,24.75,8770.25,8850.25,2020-05-01 10:01:00-04:00,8850.25,target,39.5,78.0
2020-05-06,long,2020-05-06 09:45:00-04:00,9005.5,9009.0,3.5,8969.0,9049.0,2020-05-06 09:57:00-04:00,8969.0,stop,-40.5,-82.0
2020-05-11,long,2020-05-11 09:45:00-04:00,9173.0,9202.5,29.5,9162.5,9242.5,2020-05-11 10:06:00-04:00,9242.5,target,39.5,78.0
2020-05-13,short,2020-05-13 09:45:00-04:00,9114.0,9074.75,39.25,9114.75,9034.75,2020-05-13 09:54:00-04:00,9114.75,stop,-40.5,-82.0
2020-05-15,short,2020-05-15 09:45:00-04:00,8997.5,8997.5,0.0,9037.5,8957.5,2020-05-15 10:10:00-04:00,9037.5,stop,-40.5,-82.0
2020-05-27,short,2020-05-27 09:45:00-04:00,9367.5,9340.75,26.75,9380.75,9300.75,2020-05-27 09:48:00-04:00,9300.75,target,39.5,78.0
2020-06-02,long,2020-06-02 09:45:00-04:00,9582.75,9586.0,3.25,9546.0,9626.0,2020-06-02 10:49:00-04:00,9546.0,stop,-40.5,-82.0
2020-07-30,long,2020-07-30 09:45:00-04:00,10583.0,10586.25,3.25,10546.25,10626.25,2020-07-30 09:55:00-04:00,10546.25,stop,-40.5,-82.0
2020-09-11,long,2020-09-11 09:45:00-04:00,11208.75,11208.75,0.0,11168.75,11248.75,2020-09-11 09:48:00-04:00,11248.75,target,39.5,78.0
2020-09-14,long,2020-09-14 09:45:00-04:00,11208.75,11267.25,58.5,11227.25,11307.25,2020-09-14 10:02:00-04:00,11307.25,target,39.5,78.0
2020-09-17,long,2020-09-17 09:45:00-04:00,11007.25,11007.25,0.0,10967.25,11047.25,2020-09-17 09:50:00-04:00,11047.25,target,39.5,78.0
2020-09-22,short,2020-09-22 09:45:00-04:00,11002.25,10993.25,9.0,11033.25,10953.25,2020-09-22 09:51:00-04:00,10953.25,target,39.5,78.0
2020-10-29,short,2020-10-29 09:45:00-04:00,11205.25,11191.0,14.25,11231.0,11151.0,2020-10-29 09:52:00-04:00,11231.0,stop,-40.5,-82.0
2020-10-30,short,2020-10-30 09:45:00-04:00,11205.25,11177.75,27.5,11217.75,11137.75,2020-10-30 09:50:00-04:00,11137.75,target,39.5,78.0
2020-11-02,long,2020-11-02 09:45:00-05:00,11167.25,11167.25,0.0,11127.25,11207.25,2020-11-02 09:55:00-05:00,11207.25,target,39.5,78.0
2020-11-10,short,2020-11-10 09:45:00-05:00,11677.5,11652.5,25.0,11692.5,11612.5,2020-11-10 09:48:00-05:00,11612.5,target,39.5,78.0
2020-11-17,short,2020-11-17 09:45:00-05:00,12040.0,11996.25,43.75,12036.25,11956.25,2020-11-17 11:01:00-05:00,12036.25,stop,-40.5,-82.0
2020-11-24,short,2020-11-24 09:45:00-05:00,11942.0,11891.0,51.0,11931.0,11851.0,2020-11-24 10:06:00-05:00,11931.0,stop,-40.5,-82.0
2020-12-16,long,2020-12-16 09:45:00-05:00,12589.0,12589.0,0.0,12549.0,12629.0,2020-12-16 10:36:00-05:00,12629.0,target,39.5,78.0
2020-12-21,long,2020-12-21 09:45:00-05:00,12589.0,12607.75,18.75,12567.75,12647.75,2020-12-21 09:49:00-05:00,12567.75,stop,-40.5,-82.0
2021-01-06,long,2021-01-06 09:45:00-05:00,12589.0,12612.25,23.25,12572.25,12652.25,2021-01-06 09:48:00-05:00,12652.25,target,39.5,78.0
2021-02-23,short,2021-02-23 09:45:00-05:00,12856.5,12827.5,29.0,12867.5,12787.5,2021-02-23 09:47:00-05:00,12787.5,target,39.5,78.0
2021-03-03,long,2021-03-03 09:45:00-05:00,12931.75,12950.0,18.25,12910.0,12990.0,2021-03-03 09:58:00-05:00,12910.0,stop,-40.5,-82.0
2021-03-05,short,2021-03-05 09:45:00-05:00,12581.75,12493.5,88.25,12533.5,12453.5,2021-03-05 09:49:00-05:00,12453.5,target,39.5,78.0
2021-03-08,long,2021-03-08 09:45:00-05:00,12589.0,12676.5,87.5,12636.5,12716.5,2021-03-08 09:49:00-05:00,12636.5,stop,-40.5,-82.0
2021-03-09,short,2021-03-09 09:45:00-05:00,12648.0,12602.75,45.25,12642.75,12562.75,2021-03-09 09:47:00-05:00,12642.75,stop,-40.5,-82.0
2021-03-10,long,2021-03-10 09:45:00-05:00,12931.75,12931.75,0.0,12891.75,12971.75,2021-03-10 09:50:00-05:00,12971.75,target,39.5,78.0
2021-03-11,short,2021-03-11 09:45:00-05:00,12968.25,12939.75,28.5,12979.75,12899.75,2021-03-11 10:00:00-05:00,12979.75,stop,-40.5,-82.0
2021-03-12,short,2021-03-12 09:45:00-05:00,12856.5,12843.25,13.25,12883.25,12803.25,2021-03-12 09:56:00-05:00,12883.25,stop,-40.5,-82.0
2021-03-15,short,2021-03-15 09:45:00-04:00,12928.25,12914.0,14.25,12954.0,12874.0,2021-03-15 09:52:00-04:00,12954.0,stop,-40.5,-82.0
2021-03-17,long,2021-03-17 09:45:00-04:00,12976.0,12994.75,18.75,12954.75,13034.75,2021-03-17 09:59:00-04:00,13034.75,target,39.5,78.0
2021-03-18,short,2021-03-18 09:45:00-04:00,13014.0,12967.25,46.75,13007.25,12927.25,2021-03-18 10:09:00-04:00,12927.25,target,39.5,78.0
2021-03-19,short,2021-03-19 09:45:00-04:00,12787.0,12745.75,41.25,12785.75,12705.75,2021-03-19 09:53:00-04:00,12785.75,stop,-40.5,-82.0
2021-03-22,short,2021-03-22 09:45:00-04:00,12968.25,12962.0,6.25,13002.0,12922.0,2021-03-22 09:53:00-04:00,13002.0,stop,-40.5,-82.0
2021-03-24,long,2021-03-24 09:45:00-04:00,13017.25,13017.25,0.0,12977.25,13057.25,2021-03-24 09:49:00-04:00,12977.25,stop,-40.5,-82.0
2021-03-25,short,2021-03-25 09:45:00-04:00,12787.0,12772.5,14.5,12812.5,12732.5,2021-03-25 09:50:00-04:00,12732.5,target,39.5,78.0
2021-03-26,long,2021-03-26 09:45:00-04:00,12790.0,12792.75,2.75,12752.75,12832.75,2021-03-26 10:02:00-04:00,12832.75,target,39.5,78.0
2021-03-29,short,2021-03-29 09:45:00-04:00,12968.25,12924.5,43.75,12964.5,12884.5,2021-03-29 09:55:00-04:00,12884.5,target,39.5,78.0
2021-03-30,short,2021-03-30 09:45:00-04:00,12856.5,12822.25,34.25,12862.25,12782.25,2021-03-30 10:20:00-04:00,12782.25,target,39.5,78.0
2021-03-31,long,2021-03-31 09:45:00-04:00,12978.5,13001.0,22.5,12961.0,13041.0,2021-03-31 09:50:00-04:00,13041.0,target,39.5,78.0
2021-04-21,long,2021-04-21 09:45:00-04:00,13704.0,13728.0,24.0,13688.0,13768.0,2021-04-21 09:48:00-04:00,13768.0,target,39.5,78.0
2021-05-04,short,2021-05-04 09:45:00-04:00,13644.0,13594.75,49.25,13634.75,13554.75,2021-05-04 09:55:00-04:00,13554.75,target,39.5,78.0
2021-05-05,long,2021-05-05 09:45:00-04:00,13649.0,13649.0,0.0,13609.0,13689.0,2021-05-05 09:56:00-04:00,13609.0,stop,-40.5,-82.0
2021-05-07,short,2021-05-07 09:45:00-04:00,13699.25,13699.25,0.0,13739.25,13659.25,2021-05-07 09:49:00-04:00,13739.25,stop,-40.5,-82.0
2021-05-10,short,2021-05-10 09:45:00-04:00,13644.0,13553.25,90.75,13593.25,13513.25,2021-05-10 09:55:00-04:00,13513.25,target,39.5,78.0
2021-05-11,long,2021-05-11 09:45:00-04:00,13122.0,13216.75,94.75,13176.75,13256.75,2021-05-11 09:58:00-04:00,13256.75,target,39.5,78.0
2021-05-13,long,2021-05-13 09:45:00-04:00,13122.0,13122.0,0.0,13082.0,13162.0,2021-05-13 09:55:00-04:00,13162.0,target,39.5,78.0
2021-05-18,short,2021-05-18 09:45:00-04:00,13340.5,13329.5,11.0,13369.5,13289.5,2021-05-18 10:27:00-04:00,13369.5,stop,-40.5,-82.0
2021-05-19,long,2021-05-19 09:45:00-04:00,12978.5,13059.25,80.75,13019.25,13099.25,2021-05-19 10:02:00-04:00,13019.25,stop,-40.5,-82.0
2021-05-20,long,2021-05-20 09:45:00-04:00,13346.0,13376.5,30.5,13336.5,13416.5,2021-05-20 10:17:00-04:00,13416.5,target,39.5,78.0
2021-05-25,short,2021-05-25 09:45:00-04:00,13699.25,13688.0,11.25,13728.0,13648.0,2021-05-25 10:02:00-04:00,13648.0,target,39.5,78.0
2021-05-26,short,2021-05-26 09:45:00-04:00,13699.25,13680.5,18.75,13720.5,13640.5,2021-05-26 11:30:00-04:00,13697.0,time,-17.0,-35.0
2021-05-27,short,2021-05-27 09:45:00-04:00,13669.5,13662.25,7.25,13702.25,13622.25,2021-05-27 10:23:00-04:00,13702.25,stop,-40.5,-82.0
2021-05-28,long,2021-05-28 09:45:00-04:00,13697.5,13727.5,30.0,13687.5,13767.5,2021-05-28 11:30:00-04:00,13725.75,time,-2.25,-5.5
2021-05-31,short,2021-05-31 09:47:00-04:00,13669.5,13669.5,0.0,13709.5,13629.5,2021-05-31 11:30:00-04:00,13666.0,time,3.0,5.0
2021-06-01,long,2021-06-01 09:45:00-04:00,13741.5,13753.5,12.0,13713.5,13793.5,2021-06-01 09:54:00-04:00,13713.5,stop,-40.5,-82.0
2021-06-02,long,2021-06-02 09:45:00-04:00,13675.0,13682.75,7.75,13642.75,13722.75,2021-06-02 11:30:00-04:00,13697.0,time,13.75,26.5
2021-06-04,long,2021-06-04 09:45:00-04:00,13649.0,13676.5,27.5,13636.5,13716.5,2021-06-04 10:01:00-04:00,13716.5,target,39.5,78.0
2021-06-07,long,2021-06-07 09:45:00-04:00,13741.5,13741.5,0.0,13701.5,13781.5,2021-06-07 11:30:00-04:00,13721.5,time,-20.5,-42.0
2021-06-10,long,2021-06-10 09:45:00-04:00,13860.25,13917.25,57.0,13877.25,13957.25,2021-06-10 09:55:00-04:00,13957.25,target,39.5,78.0
2021-07-20,short,2021-07-20 09:45:00-04:00,14567.0,14535.25,31.75,14575.25,14495.25,2021-07-20 09:48:00-04:00,14575.25,stop,-40.5,-82.0
2021-08-09,long,2021-08-09 09:45:00-04:00,15073.75,15093.5,19.75,15053.5,15133.5,2021-08-09 10:30:00-04:00,15133.5,target,39.5,78.0
2021-08-11,short,2021-08-11 09:45:00-04:00,15065.75,15065.75,0.0,15105.75,15025.75,2021-08-11 10:32:00-04:00,15025.75,target,39.5,78.0
2021-08-13,long,2021-08-13 09:45:00-04:00,15073.75,15074.75,1.0,15034.75,15114.75,2021-08-13 10:15:00-04:00,15114.75,target,39.5,78.0
2021-09-20,long,2021-09-20 09:45:00-04:00,15073.75,15139.75,66.0,15099.75,15179.75,2021-09-20 09:50:00-04:00,15099.75,stop,-40.5,-82.0
2021-09-21,long,2021-09-21 09:45:00-04:00,15073.75,15081.5,7.75,15041.5,15121.5,2021-09-21 09:47:00-04:00,15121.5,target,39.5,78.0
2021-09-22,short,2021-09-22 09:45:00-04:00,15065.75,15021.5,44.25,15061.5,14981.5,2021-09-22 09:56:00-04:00,15061.5,stop,-40.5,-82.0
2021-09-27,long,2021-09-27 09:45:00-04:00,15120.0,15120.0,0.0,15080.0,15160.0,2021-09-27 10:17:00-04:00,15160.0,target,39.5,78.0
2021-09-28,short,2021-09-28 09:45:00-04:00,14990.25,14928.5,61.75,14968.5,14888.5,2021-09-28 10:06:00-04:00,14888.5,target,39.5,78.0
2021-10-05,short,2021-10-05 09:45:00-04:00,14567.0,14538.75,28.25,14578.75,14498.75,2021-10-05 09:50:00-04:00,14578.75,stop,-40.5,-82.0
2021-10-06,long,2021-10-06 09:45:00-04:00,14574.5,14630.25,55.75,14590.25,14670.25,2021-10-06 09:49:00-04:00,14590.25,stop,-40.5,-82.0
2021-10-12,short,2021-10-12 09:45:00-04:00,14719.0,14691.5,27.5,14731.5,14651.5,2021-10-12 10:17:00-04:00,14651.5,target,39.5,78.0
2021-10-13,long,2021-10-13 09:45:00-04:00,14723.5,14757.0,33.5,14717.0,14797.0,2021-10-13 09:50:00-04:00,14717.0,stop,-40.5,-82.0
2021-10-14,short,2021-10-14 09:45:00-04:00,14948.0,14925.75,22.25,14965.75,14885.75,2021-10-14 10:01:00-04:00,14965.75,stop,-40.5,-82.0
2021-10-15,short,2021-10-15 09:45:00-04:00,15065.75,15060.5,5.25,15100.5,15020.5,2021-10-15 10:57:00-04:00,15100.5,stop,-40.5,-82.0
2021-10-18,short,2021-10-18 09:45:00-04:00,15111.0,15111.0,0.0,15151.0,15071.0,2021-10-18 10:06:00-04:00,15151.0,stop,-40.5,-82.0
2021-10-19,short,2021-10-19 09:45:00-04:00,15330.0,15322.75,7.25,15362.75,15282.75,2021-10-19 10:55:00-04:00,15362.75,stop,-40.5,-82.0
2021-10-25,long,2021-10-25 09:45:00-04:00,15336.25,15355.75,19.5,15315.75,15395.75,2021-10-25 10:00:00-04:00,15395.75,target,39.5,78.0
2021-10-28,long,2021-10-28 09:45:00-04:00,15673.75,15673.75,0.0,15633.75,15713.75,2021-10-28 10:38:00-04:00,15713.75,target,39.5,78.0
2021-10-29,short,2021-10-29 09:45:00-04:00,15666.0,15666.0,0.0,15706.0,15626.0,2021-10-29 10:15:00-04:00,15706.0,stop,-40.5,-82.0
2021-11-18,short,2021-11-18 09:45:00-05:00,16389.25,16382.0,7.25,16422.0,16342.0,2021-11-18 10:12:00-05:00,16342.0,target,39.5,78.0
2021-11-25,long,2021-11-25 09:45:00-05:00,16395.25,16397.75,2.5,16357.75,16437.75,2021-11-25 11:30:00-05:00,16395.5,time,-2.75,-6.5
2021-12-06,short,2021-12-06 09:45:00-05:00,15666.0,15666.0,0.0,15706.0,15626.0,2021-12-06 10:02:00-05:00,15626.0,target,39.5,78.0
2021-12-09,long,2021-12-09 09:45:00-05:00,16355.0,16398.0,43.0,16358.0,16438.0,2021-12-09 09:52:00-05:00,16358.0,stop,-40.5,-82.0
2021-12-10,short,2021-12-10 09:45:00-05:00,16250.5,16246.0,4.5,16286.0,16206.0,2021-12-10 09:47:00-05:00,16206.0,target,39.5,78.0
2021-12-13,short,2021-12-13 09:45:00-05:00,16331.25,16310.25,21.0,16350.25,16270.25,2021-12-13 09:53:00-05:00,16270.25,target,39.5,78.0
2021-12-16,long,2021-12-16 09:45:00-05:00,16254.75,16254.75,0.0,16214.75,16294.75,2021-12-16 09:52:00-05:00,16214.75,stop,-40.5,-82.0
2021-12-17,long,2021-12-17 09:45:00-05:00,15673.75,15676.5,2.75,15636.5,15716.5,2021-12-17 09:46:00-05:00,15716.5,target,39.5,78.0
2021-12-20,long,2021-12-20 09:45:00-05:00,15560.25,15627.75,67.5,15587.75,15667.75,2021-12-20 09:47:00-05:00,15587.75,stop,-40.5,-82.0
2021-12-23,short,2021-12-23 09:45:00-05:00,16201.5,16201.5,0.0,16241.5,16161.5,2021-12-23 09:59:00-05:00,16241.5,stop,-40.5,-82.0
2021-12-27,long,2021-12-27 09:45:00-05:00,16355.0,16435.0,80.0,16395.0,16475.0,2021-12-27 10:08:00-05:00,16475.0,target,39.5,78.0
2021-12-31,short,2021-12-31 09:45:00-05:00,16447.25,16424.0,23.25,16464.0,16384.0,2021-12-31 09:49:00-05:00,16384.0,target,39.5,78.0
2022-01-03,short,2022-01-03 09:45:00-05:00,16447.25,16444.5,2.75,16484.5,16404.5,2022-01-03 09:47:00-05:00,16404.5,target,39.5,78.0
2022-01-05,short,2022-01-05 09:45:00-05:00,16201.5,16178.75,22.75,16218.75,16138.75,2022-01-05 09:52:00-05:00,16218.75,stop,-40.5,-82.0
2022-01-10,short,2022-01-10 09:45:00-05:00,15330.0,15318.75,11.25,15358.75,15278.75,2022-01-10 09:55:00-05:00,15278.75,target,39.5,78.0
2022-01-11,short,2022-01-11 09:45:00-05:00,15553.5,15498.0,55.5,15538.0,15458.0,2022-01-11 09:47:00-05:00,15538.0,stop,-40.5,-82.0
2022-01-14,long,2022-01-14 09:45:00-05:00,15436.25,15523.75,87.5,15483.75,15563.75,2022-01-14 09:55:00-05:00,15563.75,target,39.5,78.0
2022-01-18,short,2022-01-18 09:45:00-05:00,15330.0,15330.0,0.0,15370.0,15290.0,2022-01-18 09:51:00-05:00,15290.0,target,39.5,78.0
2022-01-19,short,2022-01-19 09:45:00-05:00,15330.0,15300.5,29.5,15340.5,15260.5,2022-01-19 09:46:00-05:00,15340.5,stop,-40.5,-82.0
2022-01-21,short,2022-01-21 09:45:00-05:00,14716.75,14671.5,45.25,14711.5,14631.5,2022-01-21 09:46:00-05:00,14711.5,stop,-40.5,-82.0
2022-01-28,short,2022-01-28 09:45:00-05:00,13915.25,13897.5,17.75,13937.5,13857.5,2022-01-28 09:51:00-05:00,13937.5,stop,-40.5,-82.0
2022-01-31,long,2022-01-31 09:45:00-05:00,14574.5,14574.5,0.0,14534.5,14614.5,2022-01-31 09:49:00-05:00,14534.5,stop,-40.5,-82.0
2022-02-01,short,2022-02-01 09:45:00-05:00,14948.0,14804.25,143.75,14844.25,14764.25,2022-02-01 09:49:00-05:00,14844.25,stop,-40.5,-82.0
2022-02-02,long,2022-02-02 09:45:00-05:00,15073.75,15085.25,11.5,15045.25,15125.25,2022-02-02 09:49:00-05:00,15045.25,stop,-40.5,-82.0
2022-02-03,long,2022-02-03 09:45:00-05:00,14723.5,14753.5,30.0,14713.5,14793.5,2022-02-03 09:47:00-05:00,14713.5,stop,-40.5,-82.0
2022-02-04,long,2022-02-04 09:45:00-05:00,14574.5,14574.5,0.0,14534.5,14614.5,2022-02-04 09:50:00-05:00,14534.5,stop,-40.5,-82.0
2022-02-07,long,2022-02-07 09:45:00-05:00,14723.5,14763.5,40.0,14723.5,14803.5,2022-02-07 09:49:00-05:00,14723.5,stop,-40.5,-82.0
2022-02-08,short,2022-02-08 09:45:00-05:00,14567.0,14548.0,19.0,14588.0,14508.0,2022-02-08 10:00:00-05:00,14508.0,target,39.5,78.0
2022-02-09,short,2022-02-09 09:45:00-05:00,14948.0,14917.0,31.0,14957.0,14877.0,2022-02-09 09:51:00-05:00,14877.0,target,39.5,78.0
2022-02-10,long,2022-02-10 09:45:00-05:00,14828.75,14829.5,0.75,14789.5,14869.5,2022-02-10 09:50:00-05:00,14869.5,target,39.5,78.0
2022-02-11,long,2022-02-11 09:45:00-05:00,14671.25,14671.25,0.0,14631.25,14711.25,2022-02-11 09:45:00-05:00,14711.25,target,39.5,78.0
2022-03-17,long,2022-03-17 09:45:00-04:00,13894.0,13894.0,0.0,13854.0,13934.0,2022-03-17 09:55:00-04:00,13934.0,target,39.5,78.0
2022-03-23,short,2022-03-23 09:45:00-04:00,14521.25,14510.25,11.0,14550.25,14470.25,2022-03-23 09:45:00-04:00,14470.25,target,39.5,78.0
2022-03-24,short,2022-03-24 09:45:00-04:00,14521.25,14521.25,0.0,14561.25,14481.25,2022-03-24 09:50:00-04:00,14481.25,target,39.5,78.0
2022-03-25,long,2022-03-25 09:45:00-04:00,14723.5,14742.5,19.0,14702.5,14782.5,2022-03-25 10:02:00-04:00,14702.5,stop,-40.5,-82.0
2022-03-28,long,2022-03-28 09:45:00-04:00,14789.5,14856.5,67.0,14816.5,14896.5,2022-03-28 09:55:00-04:00,14896.5,target,39.5,78.0
2022-03-31,short,2022-03-31 09:45:00-04:00,15065.75,15007.5,58.25,15047.5,14967.5,2022-03-31 10:03:00-04:00,14967.5,target,39.5,78.0
2022-04-01,long,2022-04-01 09:45:00-04:00,14885.5,14885.5,0.0,14845.5,14925.5,2022-04-01 09:51:00-04:00,14845.5,stop,-40.5,-82.0
2022-04-04,long,2022-04-04 09:45:00-04:00,14891.5,14990.75,99.25,14950.75,15030.75,2022-04-04 09:55:00-04:00,15030.75,target,39.5,78.0
2022-04-05,long,2022-04-05 09:45:00-04:00,15101.0,15101.0,0.0,15061.0,15141.0,2022-04-05 09:52:00-04:00,15061.0,stop,-40.5,-82.0
2022-04-06,short,2022-04-06 09:45:00-04:00,14567.0,14534.25,32.75,14574.25,14494.25,2022-04-06 10:00:00-04:00,14494.25,target,39.5,78.0
2022-04-07,short,2022-04-07 09:45:00-04:00,14567.0,14505.75,61.25,14545.75,14465.75,2022-04-07 09:49:00-04:00,14465.75,target,39.5,78.0
2022-08-12,long,2022-08-12 09:45:00-04:00,13377.0,13427.5,50.5,13387.5,13467.5,2022-08-12 09:48:00-04:00,13387.5,stop,-40.5,-82.0
2022-08-19,short,2022-08-19 09:45:00-04:00,13372.75,13344.75,28.0,13384.75,13304.75,2022-08-19 09:55:00-04:00,13304.75,target,39.5,78.0
2022-08-29,long,2022-08-29 09:45:00-04:00,12515.75,12575.0,59.25,12535.0,12615.0,2022-08-29 09:59:00-04:00,12535.0,stop,-40.5,-82.0
2022-08-30,short,2022-08-30 09:45:00-04:00,12512.25,12505.25,7.0,12545.25,12465.25,2022-08-30 09:59:00-04:00,12465.25,target,39.5,78.0
2022-09-06,short,2022-09-06 09:45:00-04:00,12089.0,12089.0,0.0,12129.0,12049.0,2022-09-06 09:53:00-04:00,12049.0,target,39.5,78.0
2022-09-07,long,2022-09-07 09:45:00-04:00,12091.75,12102.75,11.0,12062.75,12142.75,2022-09-07 10:00:00-04:00,12062.75,stop,-40.5,-82.0
2022-09-12,long,2022-09-12 09:45:00-04:00,12747.0,12764.5,17.5,12724.5,12804.5,2022-09-12 09:55:00-04:00,12804.5,target,39.5,78.0
2022-09-27,short,2022-09-27 09:45:00-04:00,11543.25,11540.5,2.75,11580.5,11500.5,2022-09-27 09:49:00-04:00,11500.5,target,39.5,78.0
2022-09-29,short,2022-09-29 09:45:00-04:00,11338.75,11266.0,72.75,11306.0,11226.0,2022-09-29 10:02:00-04:00,11226.0,target,39.5,78.0
2022-10-04,long,2022-10-04 09:45:00-04:00,11548.75,11560.25,11.5,11520.25,11600.25,2022-10-04 09:51:00-04:00,11600.25,target,39.5,78.0
2022-10-06,long,2022-10-06 09:45:00-04:00,11685.25,11701.75,16.5,11661.75,11741.75,2022-10-06 09:57:00-04:00,11661.75,stop,-40.5,-82.0
2022-10-07,short,2022-10-07 09:45:00-04:00,11338.75,11275.0,63.75,11315.0,11235.0,2022-10-07 09:56:00-04:00,11235.0,target,39.5,78.0
2022-10-24,long,2022-10-24 09:45:00-04:00,11347.75,11347.75,0.0,11307.75,11387.75,2022-10-24 09:45:00-04:00,11387.75,target,39.5,78.0
2022-10-25,long,2022-10-25 09:45:00-04:00,11548.75,11560.25,11.5,11520.25,11600.25,2022-10-25 09:46:00-04:00,11600.25,target,39.5,78.0
2022-10-26,long,2022-10-26 09:45:00-04:00,11467.0,11468.5,1.5,11428.5,11508.5,2022-10-26 09:48:00-04:00,11508.5,target,39.5,78.0
2022-10-27,short,2022-10-27 09:45:00-04:00,11458.5,11405.75,52.75,11445.75,11365.75,2022-10-27 09:48:00-04:00,11365.75,target,39.5,78.0
2022-10-28,long,2022-10-28 09:45:00-04:00,11267.0,11353.0,86.0,11313.0,11393.0,2022-10-28 09:50:00-04:00,11313.0,stop,-40.5,-82.0
2022-10-31,short,2022-10-31 09:45:00-04:00,11458.5,11458.5,0.0,11498.5,11418.5,2022-10-31 09:50:00-04:00,11418.5,target,39.5,78.0
2022-11-01,short,2022-11-01 09:45:00-04:00,11567.0,11567.0,0.0,11607.0,11527.0,2022-11-01 09:48:00-04:00,11527.0,target,39.5,78.0
2022-11-10,short,2022-11-10 09:45:00-05:00,11338.75,11312.25,26.5,11352.25,11272.25,2022-11-10 09:47:00-05:00,11352.25,stop,-40.5,-82.0
2022-11-11,long,2022-11-11 09:45:00-05:00,11575.5,11624.75,49.25,11584.75,11664.75,2022-11-11 09:46:00-05:00,11664.75,target,39.5,78.0
2022-11-17,long,2022-11-17 09:45:00-05:00,11548.75,11612.25,63.5,11572.25,11652.25,2022-11-17 10:03:00-05:00,11572.25,stop,-40.5,-82.0
2022-11-21,short,2022-11-21 09:45:00-05:00,11681.25,11652.5,28.75,11692.5,11612.5,2022-11-21 09:51:00-05:00,11692.5,stop,-40.5,-82.0
2022-11-22,short,2022-11-22 09:45:00-05:00,11564.5,11538.0,26.5,11578.0,11498.0,2022-11-22 10:02:00-05:00,11578.0,stop,-40.5,-82.0
2022-11-28,long,2022-11-28 09:45:00-05:00,11748.5,11776.75,28.25,11736.75,11816.75,2022-11-28 10:12:00-05:00,11736.75,stop,-40.5,-82.0
2022-11-30,short,2022-11-30 09:45:00-05:00,11564.5,11564.5,0.0,11604.5,11524.5,2022-11-30 10:00:00-05:00,11524.5,target,39.5,78.0
2022-12-01,long,2022-12-01 09:45:00-05:00,12065.75,12099.25,33.5,12059.25,12139.25,2022-12-01 10:00:00-05:00,12139.25,target,39.5,78.0
2022-12-02,long,2022-12-02 09:45:00-05:00,11848.75,11883.0,34.25,11843.0,11923.0,2022-12-02 09:54:00-05:00,11843.0,stop,-40.5,-82.0
2022-12-05,long,2022-12-05 09:45:00-05:00,11919.75,11954.25,34.5,11914.25,11994.25,2022-12-05 10:00:00-05:00,11914.25,stop,-40.5,-82.0
2022-12-06,short,2022-12-06 09:45:00-05:00,11741.25,11723.0,18.25,11763.0,11683.0,2022-12-06 09:56:00-05:00,11683.0,target,39.5,78.0
2022-12-07,short,2022-12-07 09:45:00-05:00,11578.0,11528.0,50.0,11568.0,11488.0,2022-12-07 09:47:00-05:00,11488.0,target,39.5,78.0
2022-12-08,short,2022-12-08 09:45:00-05:00,11564.5,11489.0,75.5,11529.0,11449.0,2022-12-08 09:50:00-05:00,11529.0,stop,-40.5,-82.0
2022-12-09,long,2022-12-09 09:45:00-05:00,11575.5,11640.25,64.75,11600.25,11680.25,2022-12-09 09:51:00-05:00,11600.25,stop,-40.5,-82.0
2022-12-12,short,2022-12-12 09:45:00-05:00,11689.5,11676.75,12.75,11716.75,11636.75,2022-12-12 09:50:00-05:00,11716.75,stop,-40.5,-82.0
2022-12-15,short,2022-12-15 09:45:00-05:00,11689.5,11651.0,38.5,11691.0,11611.0,2022-12-15 09:46:00-05:00,11611.0,target,39.5,78.0
2022-12-16,long,2022-12-16 09:45:00-05:00,11436.25,11440.75,4.5,11400.75,11480.75,2022-12-16 09:49:00-05:00,11480.75,target,39.5,78.0
2022-12-19,short,2022-12-19 09:45:00-05:00,11338.75,11313.0,25.75,11353.0,11273.0,2022-12-19 09:48:00-05:00,11273.0,target,39.5,78.0
2023-01-04,short,2023-01-04 09:45:00-05:00,10993.75,10970.75,23.0,11010.75,10930.75,2023-01-04 09:50:00-05:00,11010.75,stop,-40.5,-82.0
2023-01-05,short,2023-01-05 09:45:00-05:00,10855.5,10843.75,11.75,10883.75,10803.75,2023-01-05 09:58:00-05:00,10883.75,stop,-40.5,-82.0
2023-01-06,short,2023-01-06 09:45:00-05:00,10855.5,10786.5,69.0,10826.5,10746.5,2023-01-06 09:53:00-05:00,10826.5,stop,-40.5,-82.0
2023-01-09,long,2023-01-09 09:45:00-05:00,11209.0,11242.25,33.25,11202.25,11282.25,2023-01-09 09:50:00-05:00,11282.25,target,39.5,78.0
2023-01-10,short,2023-01-10 09:45:00-05:00,11205.25,11193.5,11.75,11233.5,11153.5,2023-01-10 09:46:00-05:00,11153.5,target,39.5,78.0
2023-01-11,short,2023-01-11 09:45:00-05:00,11338.75,11338.75,0.0,11378.75,11298.75,2023-01-11 10:26:00-05:00,11378.75,stop,-40.5,-82.0
2023-01-12,short,2023-01-12 09:45:00-05:00,11456.75,11357.25,99.5,11397.25,11317.25,2023-01-12 09:54:00-05:00,11317.25,target,39.5,78.0
2023-01-13,long,2023-01-13 09:45:00-05:00,11436.25,11436.25,0.0,11396.25,11476.25,2023-01-13 09:56:00-05:00,11476.25,target,39.5,78.0
2023-01-17,long,2023-01-17 09:45:00-05:00,11575.5,11579.25,3.75,11539.25,11619.25,2023-01-17 09:54:00-05:00,11619.25,target,39.5,78.0
2023-01-18,long,2023-01-18 09:45:00-05:00,11685.25,11688.25,3.0,11648.25,11728.25,2023-01-18 10:00:00-05:00,11728.25,target,39.5,78.0
2023-01-19,short,2023-01-19 09:45:00-05:00,11430.75,11387.25,43.5,11427.25,11347.25,2023-01-19 10:46:00-05:00,11347.25,target,39.5,78.0
2023-01-20,short,2023-01-20 09:45:00-05:00,11430.75,11430.75,0.0,11470.75,11390.75,2023-01-20 09:52:00-05:00,11470.75,stop,-40.5,-82.0
2023-01-23,long,2023-01-23 09:45:00-05:00,11685.25,11737.5,52.25,11697.5,11777.5,2023-01-23 09:47:00-05:00,11777.5,target,39.5,78.0
2023-01-24,long,2023-01-24 09:45:00-05:00,11848.75,11893.0,44.25,11853.0,11933.0,2023-01-24 09:53:00-05:00,11933.0,target,39.5,78.0
2023-01-25,short,2023-01-25 09:45:00-05:00,11718.0,11685.5,32.5,11725.5,11645.5,2023-01-25 09:56:00-05:00,11645.5,target,39.5,78.0
2023-01-26,long,2023-01-26 09:45:00-05:00,12004.25,12013.5,9.25,11973.5,12053.5,2023-01-26 09:50:00-05:00,11973.5,stop,-40.5,-82.0
2023-01-27,long,2023-01-27 09:45:00-05:00,12065.75,12094.25,28.5,12054.25,12134.25,2023-01-27 09:48:00-05:00,12134.25,target,39.5,78.0
2023-01-30,long,2023-01-30 09:45:00-05:00,12065.75,12086.5,20.75,12046.5,12126.5,2023-01-30 09:48:00-05:00,12126.5,target,39.5,78.0
2023-01-31,long,2023-01-31 09:45:00-05:00,12004.25,12006.0,1.75,11966.0,12046.0,2023-01-31 09:49:00-05:00,12046.0,target,39.5,78.0
2023-02-01,long,2023-02-01 09:45:00-05:00,12105.75,12114.0,8.25,12074.0,12154.0,2023-02-01 09:55:00-05:00,12154.0,target,39.5,78.0
2023-02-06,long,2023-02-06 09:45:00-05:00,12515.75,12534.0,18.25,12494.0,12574.0,2023-02-06 10:01:00-05:00,12574.0,target,39.5,78.0
2023-02-07,long,2023-02-07 09:45:00-05:00,12515.75,12532.25,16.5,12492.25,12572.25,2023-02-07 09:59:00-05:00,12492.25,stop,-40.5,-82.0
2023-02-08,short,2023-02-08 09:45:00-05:00,12741.5,12741.5,0.0,12781.5,12701.5,2023-02-08 09:50:00-05:00,12701.5,target,39.5,78.0
2023-02-13,long,2023-02-13 09:45:00-05:00,12404.5,12413.0,8.5,12373.0,12453.0,2023-02-13 09:58:00-05:00,12453.0,target,39.5,78.0
2023-02-14,long,2023-02-14 09:45:00-05:00,12404.5,12500.25,95.75,12460.25,12540.25,2023-02-14 09:46:00-05:00,12540.25,target,39.5,78.0
2023-02-16,long,2023-02-16 09:45:00-05:00,12515.75,12547.75,32.0,12507.75,12587.75,2023-02-16 09:53:00-05:00,12587.75,target,39.5,78.0
2023-02-17,short,2023-02-17 09:45:00-05:00,12398.75,12350.25,48.5,12390.25,12310.25,2023-02-17 09:53:00-05:00,12310.25,target,39.5,78.0
2023-02-23,short,2023-02-23 09:45:00-05:00,12219.25,12215.5,3.75,12255.5,12175.5,2023-02-23 09:56:00-05:00,12255.5,stop,-40.5,-82.0
2023-02-24,short,2023-02-24 09:45:00-05:00,11999.5,11984.75,14.75,12024.75,11944.75,2023-02-24 10:08:00-05:00,11944.75,target,39.5,78.0
2023-02-28,long,2023-02-28 09:45:00-05:00,12091.75,12091.75,0.0,12051.75,12131.75,2023-02-28 10:52:00-05:00,12051.75,stop,-40.5,-82.0
2023-03-01,long,2023-03-01 09:45:00-05:00,12044.0,12044.0,0.0,12004.0,12084.0,2023-03-01 10:05:00-05:00,12004.0,stop,-40.5,-82.0
2023-03-09,long,2023-03-09 09:45:00-05:00,12292.25,12292.25,0.0,12252.25,12332.25,2023-03-09 09:51:00-05:00,12332.25,target,39.5,78.0
2023-03-10,short,2023-03-10 09:45:00-05:00,11999.5,11903.0,96.5,11943.0,11863.0,2023-03-10 10:00:00-05:00,11943.0,stop,-40.5,-82.0
2023-03-13,long,2023-03-13 09:45:00-04:00,11847.25,11847.25,0.0,11807.25,11887.25,2023-03-13 09:47:00-04:00,11887.25,target,39.5,78.0
2023-03-14,long,2023-03-14 09:45:00-04:00,12217.5,12267.75,50.25,12227.75,12307.75,2023-03-14 10:29:00-04:00,12307.75,target,39.5,78.0
2023-03-15,long,2023-03-15 09:45:00-04:00,12217.5,12265.0,47.5,12225.0,12305.0,2023-03-15 09:46:00-04:00,12225.0,stop,-40.5,-82.0
2023-03-20,short,2023-03-20 09:45:00-04:00,12564.25,12564.25,0.0,12604.25,12524.25,2023-03-20 10:02:00-04:00,12604.25,stop,-40.5,-82.0
2023-03-22,long,2023-03-22 09:45:00-04:00,12854.0,12867.75,13.75,12827.75,12907.75,2023-03-22 10:27:00-04:00,12907.75,target,39.5,78.0
2023-03-23,long,2023-03-23 09:45:00-04:00,12854.0,12874.75,20.75,12834.75,12914.75,2023-03-23 10:01:00-04:00,12914.75,target,39.5,78.0
2023-03-31,long,2023-03-31 09:45:00-04:00,13117.25,13133.0,15.75,13093.0,13173.0,2023-03-31 10:35:00-04:00,13173.0,target,39.5,78.0
2023-04-11,long,2023-04-11 09:45:00-04:00,13117.25,13117.25,0.0,13077.25,13157.25,2023-04-11 10:17:00-04:00,13077.25,stop,-40.5,-82.0
2023-04-12,short,2023-04-12 09:45:00-04:00,13111.25,13093.0,18.25,13133.0,13053.0,2023-04-12 09:46:00-04:00,13053.0,target,39.5,78.0
2023-04-19,long,2023-04-19 09:45:00-04:00,13081.5,13111.25,29.75,13071.25,13151.25,2023-04-19 11:01:00-04:00,13151.25,target,39.5,78.0
2023-04-20,long,2023-04-20 09:45:00-04:00,13081.5,13109.75,28.25,13069.75,13149.75,2023-04-20 10:11:00-04:00,13149.75,target,39.5,78.0
2023-04-24,long,2023-04-24 09:45:00-04:00,13081.5,13125.0,43.5,13085.0,13165.0,2023-04-24 10:03:00-04:00,13085.0,stop,-40.5,-82.0
2023-04-27,short,2023-04-27 09:45:00-04:00,13036.0,13026.5,9.5,13066.5,12986.5,2023-04-27 10:14:00-04:00,13066.5,stop,-40.5,-82.0
2023-05-04,short,2023-05-04 09:45:00-04:00,13077.0,13038.25,38.75,13078.25,12998.25,2023-05-04 11:08:00-04:00,13078.25,stop,-40.5,-82.0
2023-05-05,long,2023-05-05 09:45:00-04:00,13135.0,13165.0,30.0,13125.0,13205.0,2023-05-05 10:05:00-04:00,13205.0,target,39.5,78.0
2023-08-15,short,2023-08-15 09:45:00-04:00,15232.75,15208.0,24.75,15248.0,15168.0,2023-08-15 10:00:00-04:00,15168.0,target,39.5,78.0
2023-08-22,short,2023-08-22 09:45:00-04:00,15048.75,15043.75,5.0,15083.75,15003.75,2023-08-22 09:55:00-04:00,15003.75,target,39.5,78.0
2023-08-24,short,2023-08-24 09:45:00-04:00,15232.75,15217.75,15.0,15257.75,15177.75,2023-08-24 10:08:00-04:00,15177.75,target,39.5,78.0
2023-08-28,short,2023-08-28 09:45:00-04:00,15086.75,15066.5,20.25,15106.5,15026.5,2023-08-28 09:51:00-04:00,15026.5,target,39.5,78.0
2023-08-29,long,2023-08-29 09:45:00-04:00,15093.25,15127.75,34.5,15087.75,15167.75,2023-08-29 09:50:00-04:00,15167.75,target,39.5,78.0
2023-09-01,short,2023-09-01 09:45:00-04:00,15583.0,15553.75,29.25,15593.75,15513.75,2023-09-01 09:48:00-04:00,15513.75,target,39.5,78.0
2023-09-07,short,2023-09-07 09:45:00-04:00,15232.75,15227.0,5.75,15267.0,15187.0,2023-09-07 09:53:00-04:00,15187.0,target,39.5,78.0
2023-09-11,short,2023-09-11 09:45:00-04:00,15583.0,15577.0,6.0,15617.0,15537.0,2023-09-11 10:17:00-04:00,15537.0,target,39.5,78.0
2023-09-12,long,2023-09-12 09:45:00-04:00,15589.25,15630.0,40.75,15590.0,15670.0,2023-09-12 10:26:00-04:00,15590.0,stop,-40.5,-82.0
2023-09-13,short,2023-09-13 09:45:00-04:00,15551.25,15551.25,0.0,15591.25,15511.25,2023-09-13 09:54:00-04:00,15511.25,target,39.5,78.0
2023-09-14,long,2023-09-14 09:45:00-04:00,15589.25,15610.0,20.75,15570.0,15650.0,2023-09-14 09:51:00-04:00,15570.0,stop,-40.5,-82.0
2023-09-15,short,2023-09-15 09:45:00-04:00,15581.5,15536.25,45.25,15576.25,15496.25,2023-09-15 09:57:00-04:00,15496.25,target,39.5,78.0
2023-10-09,long,2023-10-09 09:45:00-04:00,15021.0,15034.75,13.75,14994.75,15074.75,2023-10-09 10:04:00-04:00,14994.75,stop,-40.5,-82.0
2023-10-10,short,2023-10-10 09:45:00-04:00,15211.25,15207.25,4.0,15247.25,15167.25,2023-10-10 10:00:00-04:00,15247.25,stop,-40.5,-82.0
2023-10-11,short,2023-10-11 09:45:00-04:00,15372.25,15339.25,33.0,15379.25,15299.25,2023-10-11 11:10:00-04:00,15379.25,stop,-40.5,-82.0
2023-10-12,short,2023-10-12 09:45:00-04:00,15385.0,15379.5,5.5,15419.5,15339.5,2023-10-12 10:06:00-04:00,15419.5,stop,-40.5,-82.0
2023-10-16,short,2023-10-16 09:45:00-04:00,15232.75,15200.75,32.0,15240.75,15160.75,2023-10-16 10:06:00-04:00,15240.75,stop,-40.5,-82.0
2023-10-19,long,2023-10-19 09:45:00-04:00,15040.0,15040.0,0.0,15000.0,15080.0,2023-10-19 10:10:00-04:00,15080.0,target,39.5,78.0
2023-10-24,short,2023-10-24 09:45:00-04:00,14799.75,14799.75,0.0,14839.75,14759.75,2023-10-24 09:51:00-04:00,14759.75,target,39.5,78.0
2023-10-25,short,2023-10-25 09:45:00-04:00,14626.75,14626.75,0.0,14666.75,14586.75,2023-10-25 10:39:00-04:00,14666.75,stop,-40.5,-82.0
2023-11-03,long,2023-11-03 09:45:00-04:00,15054.0,15094.25,40.25,15054.25,15134.25,2023-11-03 09:48:00-04:00,15134.25,target,39.5,78.0
2023-11-06,long,2023-11-06 09:45:00-05:00,15215.5,15219.25,3.75,15179.25,15259.25,2023-11-06 11:30:00-05:00,15221.5,time,1.75,2.5
2023-11-07,short,2023-11-07 09:45:00-05:00,15256.5,15256.5,0.0,15296.5,15216.5,2023-11-07 09:56:00-05:00,15296.5,stop,-40.5,-82.0
2023-11-08,long,2023-11-08 09:45:00-05:00,15376.0,15387.0,11.0,15347.0,15427.0,2023-11-08 10:21:00-05:00,15347.0,stop,-40.5,-82.0
2023-11-09,short,2023-11-09 09:45:00-05:00,15412.5,15379.75,32.75,15419.75,15339.75,2023-11-09 09:59:00-05:00,15419.75,stop,-40.5,-82.0
2023-11-10,short,2023-11-10 09:45:00-05:00,15372.25,15372.25,0.0,15412.25,15332.25,2023-11-10 10:06:00-05:00,15332.25,target,39.5,78.0
2023-11-27,long,2023-11-27 09:45:00-05:00,15984.0,16001.25,17.25,15961.25,16041.25,2023-11-27 10:09:00-05:00,16041.25,target,39.5,78.0
2023-11-28,short,2023-11-28 09:45:00-05:00,15977.0,15968.75,8.25,16008.75,15928.75,2023-11-28 10:39:00-05:00,16008.75,stop,-40.5,-82.0
2023-11-30,short,2023-11-30 09:45:00-05:00,15977.0,15977.0,0.0,16017.0,15937.0,2023-11-30 10:02:00-05:00,15937.0,target,39.5,78.0
2023-12-01,long,2023-12-01 09:45:00-05:00,15898.0,15932.5,34.5,15892.5,15972.5,2023-12-01 10:17:00-05:00,15892.5,stop,-40.5,-82.0
2023-12-05,short,2023-12-05 09:45:00-05:00,15830.5,15830.5,0.0,15870.5,15790.5,2023-12-05 10:00:00-05:00,15870.5,stop,-40.5,-82.0
2023-12-06,short,2023-12-06 09:45:00-05:00,15977.0,15948.5,28.5,15988.5,15908.5,2023-12-06 10:24:00-05:00,15908.5,target,39.5,78.0
2023-12-07,short,2023-12-07 09:45:00-05:00,15977.0,15952.0,25.0,15992.0,15912.0,2023-12-07 09:49:00-05:00,15912.0,target,39.5,78.0
2023-12-08,long,2023-12-08 09:45:00-05:00,15984.0,16023.0,39.0,15983.0,16063.0,2023-12-08 09:53:00-05:00,15983.0,stop,-40.5,-82.0
2024-02-20,long,2024-02-20 09:45:00-05:00,17587.5,17587.5,0.0,17547.5,17627.5,2024-02-20 09:52:00-05:00,17547.5,stop,-40.5,-82.0
2024-04-08,short,2024-04-08 09:45:00-04:00,18333.75,18280.5,53.25,18320.5,18240.5,2024-04-08 10:15:00-04:00,18320.5,stop,-40.5,-82.0
2024-04-15,short,2024-04-15 09:45:00-04:00,18333.75,18307.75,26.0,18347.75,18267.75,2024-04-15 10:08:00-04:00,18267.75,target,39.5,78.0
2024-04-18,long,2024-04-18 09:45:00-04:00,17587.5,17594.75,7.25,17554.75,17634.75,2024-04-18 09:49:00-04:00,17634.75,target,39.5,78.0
2024-05-02,short,2024-05-02 09:45:00-04:00,17583.75,17541.0,42.75,17581.0,17501.0,2024-05-02 09:49:00-04:00,17501.0,target,39.5,78.0
2024-05-06,long,2024-05-06 09:45:00-04:00,18055.0,18085.75,30.75,18045.75,18125.75,2024-05-06 11:30:00-04:00,18100.75,time,14.5,28.0
2024-05-07,short,2024-05-07 09:45:00-04:00,18221.5,18220.25,1.25,18260.25,18180.25,2024-05-07 11:16:00-04:00,18260.25,stop,-40.5,-82.0
2024-05-13,short,2024-05-13 09:45:00-04:00,18333.75,18273.75,60.0,18313.75,18233.75,2024-05-13 11:30:00-04:00,18271.0,time,2.25,3.5
2024-07-19,short,2024-07-19 09:45:00-04:00,19972.5,19901.0,71.5,19941.0,19861.0,2024-07-19 09:48:00-04:00,19861.0,target,39.5,78.0
2024-07-22,long,2024-07-22 09:45:00-04:00,19977.75,19977.75,0.0,19937.75,20017.75,2024-07-22 09:47:00-04:00,20017.75,target,39.5,78.0
2024-07-23,long,2024-07-23 09:45:00-04:00,19980.25,20031.5,51.25,19991.5,20071.5,2024-07-23 09:47:00-04:00,19991.5,stop,-40.5,-82.0
2024-08-02,long,2024-08-02 09:45:00-04:00,18701.0,18701.0,0.0,18661.0,18741.0,2024-08-02 09:46:00-04:00,18661.0,stop,-40.5,-82.0
2024-08-05,long,2024-08-05 09:45:00-04:00,17587.5,17775.25,187.75,17735.25,17815.25,2024-08-05 09:45:00-04:00,17815.25,target,39.5,78.0
2024-08-06,short,2024-08-06 09:45:00-04:00,18049.75,17998.25,51.5,18038.25,17958.25,2024-08-06 09:47:00-04:00,18038.25,stop,-40.5,-82.0
2024-08-07,long,2024-08-07 09:45:00-04:00,18486.0,18520.25,34.25,18480.25,18560.25,2024-08-07 09:55:00-04:00,18480.25,stop,-40.5,-82.0
2024-08-08,short,2024-08-08 09:45:00-04:00,18235.25,18131.75,103.5,18171.75,18091.75,2024-08-08 09:45:00-04:00,18171.75,stop,-40.5,-82.0
2024-08-09,short,2024-08-09 09:45:00-04:00,18479.5,18452.0,27.5,18492.0,18412.0,2024-08-09 09:55:00-04:00,18492.0,stop,-40.5,-82.0
2024-08-22,short,2024-08-22 09:45:00-04:00,19972.5,19972.5,0.0,20012.5,19932.5,2024-08-22 10:06:00-04:00,19932.5,target,39.5,78.0
2024-09-06,long,2024-09-06 09:45:00-04:00,18818.75,18849.25,30.5,18809.25,18889.25,2024-09-06 09:50:00-04:00,18809.25,stop,-40.5,-82.0
2024-09-10,short,2024-09-10 09:45:00-04:00,18812.5,18766.75,45.75,18806.75,18726.75,2024-09-10 09:50:00-04:00,18726.75,target,39.5,78.0
2024-09-11,long,2024-09-11 09:45:00-04:00,18818.75,18847.25,28.5,18807.25,18887.25,2024-09-11 09:46:00-04:00,18807.25,stop,-40.5,-82.0
2024-09-16,short,2024-09-16 09:45:00-04:00,19613.0,19613.0,0.0,19653.0,19573.0,2024-09-16 09:50:00-04:00,19653.0,stop,-40.5,-82.0
2024-10-03,long,2024-10-03 09:45:00-04:00,19971.0,19994.25,23.25,19954.25,20034.25,2024-10-03 09:55:00-04:00,20034.25,target,39.5,78.0
2024-10-31,short,2024-10-31 09:45:00-04:00,20309.25,20260.0,49.25,20300.0,20220.0,2024-10-31 09:47:00-04:00,20220.0,target,39.5,78.0
2024-11-04,long,2024-11-04 09:45:00-05:00,20034.75,20110.5,75.75,20070.5,20150.5,2024-11-04 10:02:00-05:00,20150.5,target,39.5,78.0
2024-11-05,short,2024-11-05 09:45:00-05:00,20234.25,20217.0,17.25,20257.0,20177.0,2024-11-05 09:50:00-05:00,20257.0,stop,-40.5,-82.0
2024-11-20,short,2024-11-20 09:45:00-05:00,20664.5,20655.0,9.5,20695.0,20615.0,2024-11-20 09:59:00-05:00,20615.0,target,39.5,78.0
2024-11-21,long,2024-11-21 09:45:00-05:00,20670.5,20695.25,24.75,20655.25,20735.25,2024-11-21 09:47:00-05:00,20735.25,target,39.5,78.0
2025-01-02,long,2025-01-02 09:45:00-05:00,21187.25,21214.0,26.75,21174.0,21254.0,2025-01-02 09:46:00-05:00,21254.0,target,39.5,78.0
2025-01-10,short,2025-01-10 09:45:00-05:00,21180.5,21120.5,60.0,21160.5,21080.5,2025-01-10 09:46:00-05:00,21080.5,target,39.5,78.0
2025-01-21,short,2025-01-21 09:45:00-05:00,21694.0,21618.25,75.75,21658.25,21578.25,2025-01-21 09:48:00-05:00,21658.25,stop,-40.5,-82.0
2025-01-27,long,2025-01-27 09:45:00-05:00,21187.5,21272.25,84.75,21232.25,21312.25,2025-01-27 09:47:00-05:00,21312.25,target,39.5,78.0
2025-01-28,long,2025-01-28 09:45:00-05:00,21187.5,21187.5,0.0,21147.5,21227.5,2025-01-28 09:51:00-05:00,21227.5,target,39.5,78.0
2025-02-03,short,2025-02-03 09:45:00-05:00,21306.5,21259.25,47.25,21299.25,21219.25,2025-02-03 09:46:00-05:00,21219.25,target,39.5,78.0
2025-02-24,long,2025-02-24 09:45:00-05:00,21701.25,21711.75,10.5,21671.75,21751.75,2025-02-24 09:50:00-05:00,21671.75,stop,-40.5,-82.0
2025-02-27,long,2025-02-27 09:45:00-05:00,21189.5,21192.75,3.25,21152.75,21232.75,2025-02-27 09:51:00-05:00,21152.75,stop,-40.5,-82.0
2025-02-28,short,2025-02-28 09:45:00-05:00,20626.0,20608.75,17.25,20648.75,20568.75,2025-02-28 09:55:00-05:00,20568.75,target,39.5,78.0
2025-03-04,short,2025-03-04 09:45:00-05:00,20309.25,20309.25,0.0,20349.25,20269.25,2025-03-04 09:46:00-05:00,20349.25,stop,-40.5,-82.0
2025-03-05,short,2025-03-05 09:45:00-05:00,20429.0,20424.75,4.25,20464.75,20384.75,2025-03-05 09:47:00-05:00,20384.75,target,39.5,78.0
2025-03-06,long,2025-03-06 09:45:00-05:00,20244.0,20248.25,4.25,20208.25,20288.25,2025-03-06 09:47:00-05:00,20288.25,target,39.5,78.0
2025-03-07,long,2025-03-07 09:45:00-05:00,20034.75,20149.0,114.25,20109.0,20189.0,2025-03-07 09:48:00-05:00,20189.0,target,39.5,78.0
2025-03-20,long,2025-03-20 09:45:00-04:00,19817.75,19882.5,64.75,19842.5,19922.5,2025-03-20 09:47:00-04:00,19922.5,target,39.5,78.0
2025-03-21,short,2025-03-21 09:45:00-04:00,19705.5,19684.5,21.0,19724.5,19644.5,2025-03-21 09:50:00-04:00,19724.5,stop,-40.5,-82.0
2025-03-24,long,2025-03-24 09:45:00-04:00,20244.0,20280.25,36.25,20240.25,20320.25,2025-03-24 09:51:00-04:00,20320.25,target,39.5,78.0
2025-03-26,short,2025-03-26 09:45:00-04:00,20454.75,20445.5,9.25,20485.5,20405.5,2025-03-26 09:48:00-04:00,20405.5,target,39.5,78.0
2025-03-27,long,2025-03-27 09:45:00-04:00,19971.0,19979.75,8.75,19939.75,20019.75,2025-03-27 09:49:00-04:00,20019.75,target,39.5,78.0
2025-04-23,long,2025-04-23 09:45:00-04:00,18969.0,19035.75,66.75,18995.75,19075.75,2025-04-23 09:46:00-04:00,19075.75,target,39.5,78.0
2025-04-30,short,2025-04-30 09:45:00-04:00,19254.25,19180.25,74.0,19220.25,19140.25,2025-04-30 09:56:00-04:00,19140.25,target,39.5,78.0
2025-05-02,long,2025-05-02 09:45:00-04:00,20071.0,20100.5,29.5,20060.5,20140.5,2025-05-02 09:48:00-04:00,20060.5,stop,-40.5,-82.0
2025-05-05,short,2025-05-05 09:45:00-04:00,20029.25,20029.25,0.0,20069.25,19989.25,2025-05-05 09:57:00-04:00,20069.25,stop,-40.5,-82.0
2025-05-06,long,2025-05-06 09:45:00-04:00,19817.75,19847.25,29.5,19807.25,19887.25,2025-05-06 09:47:00-04:00,19807.25,stop,-40.5,-82.0
2025-05-09,short,2025-05-09 09:45:00-04:00,20237.25,20227.25,10.0,20267.25,20187.25,2025-05-09 10:06:00-04:00,20267.25,stop,-40.5,-82.0
2025-05-15,short,2025-05-15 09:45:00-04:00,21306.5,21306.5,0.0,21346.5,21266.5,2025-05-15 09:46:00-04:00,21266.5,target,39.5,78.0
2025-05-16,long,2025-05-16 09:45:00-04:00,21406.0,21415.25,9.25,21375.25,21455.25,2025-05-16 10:19:00-04:00,21455.25,target,39.5,78.0
2025-05-19,long,2025-05-19 09:45:00-04:00,21277.75,21332.25,54.5,21292.25,21372.25,2025-05-19 09:49:00-04:00,21372.25,target,39.5,78.0
2025-05-20,long,2025-05-20 09:45:00-04:00,21406.0,21413.75,7.75,21373.75,21453.75,2025-05-20 09:47:00-04:00,21373.75,stop,-40.5,-82.0
2025-05-21,long,2025-05-21 09:45:00-04:00,21315.75,21364.25,48.5,21324.25,21404.25,2025-05-21 09:52:00-04:00,21404.25,target,39.5,78.0
2025-05-22,long,2025-05-22 09:45:00-04:00,21175.5,21175.5,0.0,21135.5,21215.5,2025-05-22 09:52:00-04:00,21215.5,target,39.5,78.0
2025-05-23,short,2025-05-23 09:45:00-04:00,20937.5,20907.25,30.25,20947.25,20867.25,2025-05-23 09:46:00-04:00,20867.25,target,39.5,78.0
2025-05-26,long,2025-05-26 09:45:00-04:00,21278.0,21302.75,24.75,21262.75,21342.75,2025-05-26 10:21:00-04:00,21262.75,stop,-40.5,-82.0
2025-05-27,long,2025-05-27 09:45:00-04:00,21207.25,21242.5,35.25,21202.5,21282.5,2025-05-27 09:51:00-04:00,21282.5,target,39.5,78.0
2025-05-30,long,2025-05-30 09:45:00-04:00,21315.75,21315.75,0.0,21275.75,21355.75,2025-05-30 09:50:00-04:00,21275.75,stop,-40.5,-82.0
2025-06-02,long,2025-06-02 09:45:00-04:00,21296.25,21422.5,126.25,21382.5,21462.5,2025-06-02 09:47:00-04:00,21382.5,stop,-40.5,-82.0
2025-06-05,short,2025-06-05 09:45:00-04:00,21796.0,21778.5,17.5,21818.5,21738.5,2025-06-05 09:45:00-04:00,21738.5,target,39.5,78.0
2025-06-06,long,2025-06-06 09:45:00-04:00,21804.0,21840.5,36.5,21800.5,21880.5,2025-06-06 10:28:00-04:00,21800.5,stop,-40.5,-82.0
2025-06-09,short,2025-06-09 09:45:00-04:00,21796.0,21795.25,0.75,21835.25,21755.25,2025-06-09 10:11:00-04:00,21835.25,stop,-40.5,-82.0
2025-06-13,long,2025-06-13 09:45:00-04:00,21685.0,21768.75,83.75,21728.75,21808.75,2025-06-13 09:55:00-04:00,21728.75,stop,-40.5,-82.0
2025-06-23,long,2025-06-23 09:45:00-04:00,21791.25,21877.0,85.75,21837.0,21917.0,2025-06-23 09:53:00-04:00,21917.0,target,39.5,78.0
2025-07-23,short,2025-07-23 09:45:00-04:00,23254.0,23198.0,56.0,23238.0,23158.0,2025-07-23 09:59:00-04:00,23158.0,target,39.5,78.0
2025-08-01,short,2025-08-01 09:45:00-04:00,22974.5,22919.75,54.75,22959.75,22879.75,2025-08-01 09:48:00-04:00,22879.75,target,39.5,78.0
2025-08-21,short,2025-08-21 09:45:00-04:00,23254.0,23254.0,0.0,23294.0,23214.0,2025-08-21 09:45:00-04:00,23214.0,target,39.5,78.0
2025-08-22,long,2025-08-22 09:45:00-04:00,23259.75,23322.5,62.75,23282.5,23362.5,2025-08-22 09:57:00-04:00,23282.5,stop,-40.5,-82.0
2025-09-02,long,2025-09-02 09:45:00-04:00,23091.0,23150.75,59.75,23110.75,23190.75,2025-09-02 09:48:00-04:00,23190.75,target,39.5,78.0
2025-11-17,long,2025-11-17 09:45:00-05:00,25118.0,25159.25,41.25,25119.25,25199.25,2025-11-17 09:46:00-05:00,25199.25,target,39.5,78.0
2025-11-25,short,2025-11-25 09:45:00-05:00,24840.5,24729.25,111.25,24769.25,24689.25,2025-11-25 09:45:00-05:00,24689.25,target,39.5,78.0
2025-12-08,long,2025-12-08 09:45:00-05:00,25783.0,25805.0,22.0,25765.0,25845.0,2025-12-08 09:48:00-05:00,25765.0,stop,-40.5,-82.0
2025-12-15,short,2025-12-15 09:45:00-05:00,25659.5,25543.0,116.5,25583.0,25503.0,2025-12-15 09:52:00-05:00,25503.0,target,39.5,78.0
2025-12-22,short,2025-12-22 09:45:00-05:00,25776.75,25693.25,83.5,25733.25,25653.25,2025-12-22 09:51:00-05:00,25733.25,stop,-40.5,-82.0
2025-12-23,long,2025-12-23 09:45:00-05:00,25664.25,25730.0,65.75,25690.0,25770.0,2025-12-23 09:56:00-05:00,25690.0,stop,-40.5,-82.0
2025-12-29,short,2025-12-29 09:45:00-05:00,25776.75,25776.75,0.0,25816.75,25736.75,2025-12-29 09:48:00-05:00,25736.75,target,39.5,78.0
2025-12-31,short,2025-12-31 09:45:00-05:00,25659.5,25620.0,39.5,25660.0,25580.0,2025-12-31 10:18:00-05:00,25580.0,target,39.5,78.0
2026-01-02,long,2026-01-02 09:45:00-05:00,25640.75,25691.0,50.25,25651.0,25731.0,2026-01-02 09:47:00-05:00,25731.0,target,39.5,78.0
2026-01-05,short,2026-01-05 09:45:00-05:00,25659.5,25602.5,57.0,25642.5,25562.5,2026-01-05 09:49:00-05:00,25562.5,target,39.5,78.0
2026-01-06,long,2026-01-06 09:45:00-05:00,25640.75,25666.25,25.5,25626.25,25706.25,2026-01-06 09:47:00-05:00,25706.25,target,39.5,78.0
2026-01-07,long,2026-01-07 09:45:00-05:00,25783.0,25854.5,71.5,25814.5,25894.5,2026-01-07 10:01:00-05:00,25814.5,stop,-40.5,-82.0
2026-01-08,short,2026-01-08 09:45:00-05:00,25776.75,25622.25,154.5,25662.25,25582.25,2026-01-08 09:47:00-05:00,25662.25,stop,-40.5,-82.0
2026-01-09,long,2026-01-09 09:45:00-05:00,25665.25,25751.5,86.25,25711.5,25791.5,2026-01-09 09:48:00-05:00,25711.5,stop,-40.5,-82.0
2026-01-12,long,2026-01-12 09:45:00-05:00,25783.0,25853.75,70.75,25813.75,25893.75,2026-01-12 09:50:00-05:00,25893.75,target,39.5,78.0
2026-01-14,short,2026-01-14 09:45:00-05:00,25776.75,25631.75,145.0,25671.75,25591.75,2026-01-14 09:49:00-05:00,25671.75,stop,-40.5,-82.0
2026-01-20,long,2026-01-20 09:45:00-05:00,25299.0,25334.25,35.25,25294.25,25374.25,2026-01-20 09:46:00-05:00,25294.25,stop,-40.5,-82.0
2026-01-22,short,2026-01-22 09:45:00-05:00,25669.0,25646.25,22.75,25686.25,25606.25,2026-01-22 09:46:00-05:00,25606.25,target,39.5,78.0
2026-01-23,long,2026-01-23 09:45:00-05:00,25614.25,25616.0,1.75,25576.0,25656.0,2026-01-23 09:56:00-05:00,25656.0,target,39.5,78.0
2026-01-26,long,2026-01-26 09:45:00-05:00,25734.5,25816.5,82.0,25776.5,25856.5,2026-01-26 10:17:00-05:00,25856.5,target,39.5,78.0
2026-02-02,short,2026-02-02 09:45:00-05:00,25731.25,25718.75,12.5,25758.75,25678.75,2026-02-02 09:50:00-05:00,25758.75,stop,-40.5,-82.0
2026-02-03,long,2026-02-03 09:45:00-05:00,25735.0,25752.25,17.25,25712.25,25792.25,2026-02-03 09:47:00-05:00,25792.25,target,39.5,78.0
2026-02-04,short,2026-02-04 09:45:00-05:00,25292.75,25292.75,0.0,25332.75,25252.75,2026-02-04 09:45:00-05:00,25332.75,stop,-40.5,-82.0
2026-02-05,short,2026-02-05 09:45:00-05:00,24915.0,24913.75,1.25,24953.75,24873.75,2026-02-05 09:49:00-05:00,24873.75,target,39.5,78.0
2026-02-06,long,2026-02-06 09:45:00-05:00,24725.5,24927.25,201.75,24887.25,24967.25,2026-02-06 09:51:00-05:00,24967.25,target,39.5,78.0
2026-02-09,long,2026-02-09 09:45:00-05:00,25118.0,25150.0,32.0,25110.0,25190.0,2026-02-09 09:52:00-05:00,25110.0,stop,-40.5,-82.0
2026-02-10,short,2026-02-10 09:45:00-05:00,25292.75,25292.75,0.0,25332.75,25252.75,2026-02-10 09:48:00-05:00,25252.75,target,39.5,78.0
2026-02-13,long,2026-02-13 09:45:00-05:00,24725.5,24725.5,0.0,24685.5,24765.5,2026-02-13 09:45:00-05:00,24765.5,target,39.5,78.0
2026-02-16,short,2026-02-16 09:45:00-05:00,24718.5,24718.5,0.0,24758.5,24678.5,2026-02-16 09:54:00-05:00,24758.5,stop,-40.5,-82.0
2026-02-17,short,2026-02-17 09:45:00-05:00,24718.5,24701.25,17.25,24741.25,24661.25,2026-02-17 09:45:00-05:00,24661.25,target,39.5,78.0
2026-02-18,long,2026-02-18 09:45:00-05:00,24818.75,24851.0,32.25,24811.0,24891.0,2026-02-18 09:48:00-05:00,24811.0,stop,-40.5,-82.0
2026-02-19,short,2026-02-19 09:45:00-05:00,24840.5,24840.5,0.0,24880.5,24800.5,2026-02-19 09:45:00-05:00,24800.5,target,39.5,78.0
2026-02-20,long,2026-02-20 09:45:00-05:00,24714.5,24925.5,211.0,24885.5,24965.5,2026-02-20 09:50:00-05:00,24885.5,stop,-40.5,-82.0
2026-02-23,short,2026-02-23 09:45:00-05:00,24915.0,24881.0,34.0,24921.0,24841.0,2026-02-23 09:47:00-05:00,24921.0,stop,-40.5,-82.0
2026-02-24,long,2026-02-24 09:45:00-05:00,24714.5,24911.25,196.75,24871.25,24951.25,2026-02-24 09:48:00-05:00,24951.25,target,39.5,78.0
2026-02-25,long,2026-02-25 09:45:00-05:00,25225.75,25271.5,45.75,25231.5,25311.5,2026-02-25 09:46:00-05:00,25311.5,target,39.5,78.0
2026-02-26,short,2026-02-26 09:45:00-05:00,25292.75,25265.5,27.25,25305.5,25225.5,2026-02-26 09:45:00-05:00,25225.5,target,39.5,78.0
2026-02-27,long,2026-02-27 09:45:00-05:00,24818.75,24844.75,26.0,24804.75,24884.75,2026-02-27 09:46:00-05:00,24884.75,target,39.5,78.0
2026-03-02,long,2026-03-02 09:45:00-05:00,24714.5,24837.75,123.25,24797.75,24877.75,2026-03-02 09:45:00-05:00,24877.75,target,39.5,78.0
2026-03-04,short,2026-03-04 09:45:00-05:00,24915.0,24851.0,64.0,24891.0,24811.0,2026-03-04 09:47:00-05:00,24891.0,stop,-40.5,-82.0
2026-03-05,short,2026-03-05 09:45:00-05:00,25110.5,25059.75,50.75,25099.75,25019.75,2026-03-05 09:47:00-05:00,25099.75,stop,-40.5,-82.0
2026-03-06,long,2026-03-06 09:45:00-05:00,24714.5,24714.5,0.0,24674.5,24754.5,2026-03-06 09:45:00-05:00,24674.5,stop,-40.5,-82.0
2026-03-11,short,2026-03-11 09:45:00-04:00,25110.5,25070.25,40.25,25110.25,25030.25,2026-03-11 09:50:00-04:00,25030.25,target,39.5,78.0
2026-03-12,short,2026-03-12 09:45:00-04:00,24813.25,24765.0,48.25,24805.0,24725.0,2026-03-12 09:46:00-04:00,24725.0,target,39.5,78.0
2026-03-13,long,2026-03-13 09:45:00-04:00,24714.5,24770.0,55.5,24730.0,24810.0,2026-03-13 09:58:00-04:00,24730.0,stop,-40.5,-82.0
2026-03-16,long,2026-03-16 09:45:00-04:00,24845.75,24885.5,39.75,24845.5,24925.5,2026-03-16 09:45:00-04:00,24925.5,target,39.5,78.0
2026-03-17,long,2026-03-17 09:45:00-04:00,25037.25,25061.5,24.25,25021.5,25101.5,2026-03-17 09:46:00-04:00,25101.5,target,39.5,78.0
2026-03-18,long,2026-03-18 09:45:00-04:00,24921.5,24953.25,31.75,24913.25,24993.25,2026-03-18 09:46:00-04:00,24993.25,target,39.5,78.0
2026-04-01,long,2026-04-01 09:45:00-04:00,24070.0,24095.75,25.75,24055.75,24135.75,2026-04-01 09:53:00-04:00,24135.75,target,39.5,78.0
2026-04-02,short,2026-04-02 09:45:00-04:00,23766.75,23711.75,55.0,23751.75,23671.75,2026-04-02 09:45:00-04:00,23751.75,stop,-40.5,-82.0
2026-04-08,short,2026-04-08 09:45:00-04:00,25229.0,25099.0,130.0,25139.0,25059.0,2026-04-08 09:46:00-04:00,25139.0,stop,-40.5,-82.0
2026-04-09,long,2026-04-09 09:45:00-04:00,25037.25,25100.25,63.0,25060.25,25140.25,2026-04-09 09:50:00-04:00,25060.25,stop,-40.5,-82.0
2026-04-10,long,2026-04-10 09:45:00-04:00,25299.0,25324.5,25.5,25284.5,25364.5,2026-04-10 10:01:00-04:00,25284.5,stop,-40.5,-82.0
2026-04-13,short,2026-04-13 09:45:00-04:00,25229.0,25182.5,46.5,25222.5,25142.5,2026-04-13 09:48:00-04:00,25222.5,stop,-40.5,-82.0
2026-04-14,long,2026-04-14 09:45:00-04:00,25665.25,25748.5,83.25,25708.5,25788.5,2026-04-14 10:21:00-04:00,25788.5,target,39.5,78.0
