lookback,gap,min_size,n_trades,win_rate,net_dollars,profit_factor,max_drawdown,sharpe_approx
50,2.0,2,491,0.5784114052953157,5560.75,1.362139984695788,-864.0,2.388475111831961
50,2.0,3,111,0.5675675675675675,995.1666666666661,1.295755114171083,-344.0,1.9423061534016313
50,2.0,4,21,0.5714285714285714,192.0,1.2867811799850635,-172.0,1.8803597075231253
50,2.0,5,5,0.8,155.5,2.8963414634146343,0.0,6.955517101544603
50,3.0,2,605,0.5537190082644629,4597.5,1.226961383242623,-1060.0,1.5836088748886379
50,3.0,3,186,0.6075268817204301,2829.416666666666,1.5439791079210456,-348.0,3.3123681616847724
50,3.0,4,74,0.6621621621621622,1398.25,1.7549946004319654,-586.0,4.23114414076136
50,3.0,5,22,0.5454545454545454,-42.5,0.9432197728790915,-422.0,-0.4189125692108185
50,4.0,2,680,0.5647058823529412,6185.5,1.2771002027125402,-1065.0,1.8971356802646937
50,4.0,3,254,0.6023622047244095,3669.416666666666,1.5021897310736525,-472.5,3.1181290546807943
50,4.0,4,110,0.6636363636363637,2299.75,1.833393730748324,-454.0,4.637832529262747
50,4.0,5,43,0.5581395348837209,80.5,1.0554789800137836,-524.0,0.401294652990737
50,5.0,2,751,0.5778961384820239,8044.56904761905,1.3344031031705021,-750.0,2.240665596778358
50,5.0,3,304,0.5756578947368421,3050.3190476190503,1.3242690914024275,-724.0,2.1444779355629238
50,5.0,4,137,0.656934306569343,2755.4857142857163,1.782900584890268,-520.0,4.437623128756757
50,5.0,5,63,0.6190476190476191,622.8607142857163,1.3391405636234952,-590.0,2.1681483436295
50,7.0,2,808,0.5816831683168316,9201.280952380956,1.357383774889924,-1050.0,2.3789675894527638
50,7.0,3,422,0.5639810426540285,3859.7809523809556,1.283583911979739,-778.0,1.9238772016710106
50,7.0,4,226,0.588495575221239,2636.6142857142877,1.381102528046386,-758.0,2.478240195318774
50,7.0,5,137,0.5474452554744526,648.9892857142877,1.1404165584857144,-606.0,0.9988072630753653
100,2.0,2,665,0.5714285714285714,6140.625,1.274232984994641,-1162.5,1.8976672194404833
100,2.0,3,206,0.558252427184466,1290.625,1.1818550091587996,-772.0,1.2944625897744595
100,2.0,4,71,0.5633802816901409,461.625,1.2051666666666667,-419.0,1.4010621353513615
100,2.0,5,22,0.6818181818181818,422.5,1.9441340782122905,-86.5,4.68007014336656
100,3.0,2,782,0.5601023017902813,6005.166666666666,1.2222832289706653,-1040.5,1.5723587609758032
100,3.0,3,323,0.5634674922600619,2567.166666666666,1.2337435695099928,-690.0,1.6368815454614465
100,3.0,4,156,0.5576923076923077,1078.041666666666,1.2089093081842257,-715.8333333333339,1.4550555111617272
100,3.0,5,65,0.5692307692307692,542.1666666666661,1.2681559640590219,-578.3333333333339,1.7895804834166085
100,4.0,2,846,0.5638297872340425,6998.916666666666,1.2412539102109286,-1293.0,1.6943234070633306
100,4.0,3,431,0.5661252900232019,3531.166666666666,1.2404144019426508,-1124.0,1.6828386062696545
100,4.0,4,214,0.5327102803738317,642.1666666666661,1.0833730038516467,-882.5,0.6195282955192694
100,4.0,5,116,0.5517241379310345,866.6666666666661,1.2241572549357702,-586.3333333333339,1.5581815279932683
100,5.0,2,903,0.5758582502768549,9055.871212121214,1.2999518471111906,-1060.0,2.0587468723040034
100,5.0,3,485,0.5587628865979382,3505.121212121214,1.2075223231505918,-1106.5,1.4761514740104342
100,5.0,4,243,0.5679012345679012,1970.954545454546,1.2391789995090767,-914.0,1.6705686812995673
100,5.0,5,135,0.5481481481481482,781.454545454546,1.1678021355925587,-656.0,1.19708842448153
100,7.0,2,950,0.588421052631579,11316.541666666668,1.3674176987439208,-996.0,2.456933319482573
100,7.0,3,600,0.565,4900.041666666668,1.2370839725742948,-1184.5,1.667694053770497
100,7.0,4,384,0.5625,2813.875,1.2105071210151772,-758.0,1.494862842902515
100,7.0,5,245,0.5306122448979592,643.5,1.0711089010442565,-893.0,0.5345133755098871
150,2.0,2,717,0.5788005578800558,7601.5,1.3177154082464317,-1252.5,2.170058387176667
150,2.0,3,233,0.5407725321888412,941.5,1.1101105198526402,-845.5,0.8172247687550867
150,2.0,4,86,0.5581395348837209,597.0,1.2023385866802236,-406.5,1.4246123516149645
150,2.0,5,24,0.5,-174.0,0.823170731707317,-352.5,-1.4700154579287712
150,3.0,2,830,0.5626506024096386,6891.0,1.2400376201755607,-996.5,1.691349357008595
150,3.0,3,362,0.5607734806629834,2714.5,1.2142039850069046,-742.0,1.522542168908522
150,3.0,4,168,0.5535714285714286,1031.5,1.1762946504870961,-762.0,1.260083156312046
150,3.0,5,67,0.5970149253731343,791.5,1.370119242459668,-418.0,2.4348004999230644
150,4.0,2,892,0.5627802690582959,7327.0,1.2366754958330641,-1362.5,1.6710954036215548
150,4.0,3,478,0.5564853556485355,3185.5,1.1879184732914492,-1132.0,1.3514584172098039
150,4.0,4,248,0.5241935483870968,391.5,1.0417510931001386,-1302.5,0.31954522486383385
150,4.0,5,120,0.55,803.5,1.1899976353747932,-496.0,1.3579387349502705
150,5.0,2,943,0.5726405090137858,9210.416666666668,1.287896745288548,-1060.0,1.9919806415939172
150,5.0,3,543,0.5580110497237569,3910.166666666668,1.2038314509122503,-1000.0,1.4586148295910704
150,5.0,4,284,0.5633802816901409,2159.0,1.2171049323746794,-822.0,1.542235012291462
150,5.0,5,140,0.5642857142857143,1169.0,1.2433895481990422,-536.0,1.700244270872844
150,7.0,2,995,0.5849246231155779,11392.541666666668,1.3469928538160574,-996.0,2.3458522923211533
150,7.0,3,656,0.5762195121951219,6574.541666666668,1.2958445751484482,-1106.5,2.040759752219939
150,7.0,4,445,0.5528089887640449,2679.875,1.1669171059085495,-1042.0,1.2149096433912396
150,7.0,5,291,0.5326460481099656,907.0,1.0830776276620104,-667.0,0.6267444690607591
200,2.0,2,749,0.582109479305741,8251.0,1.3295259395343264,-1252.5,2.246470838385163
200,2.0,3,270,0.5666666666666667,2233.5,1.236888158243623,-926.0,1.672549841041589
200,2.0,4,98,0.5408163265306123,413.0,1.1171797418073486,-516.5,0.8588934253277117
200,2.0,5,33,0.45454545454545453,-432.0,0.7073170731707317,-350.0,-2.6608709931412133
200,3.0,2,856,0.5689252336448598,7835.5,1.2660746727337555,-996.5,1.8595745405818869
200,3.0,3,398,0.5778894472361809,4149.5,1.3080892452760144,-738.0,2.1170524863548277
200,3.0,4,194,0.5515463917525774,1206.5,1.1750326418105324,-1076.5,1.2616886635697373
200,3.0,5,79,0.5949367088607594,991.5,1.38905238375515,-505.5,2.565171480736488
200,4.0,2,914,0.5700218818380745,8484.0,1.2697400842540338,-1362.5,1.883739298243938
200,4.0,3,509,0.5677799607072691,4358.5,1.2457916255463133,-1132.0,1.7319779872497854
200,4.0,4,280,0.5464285714285714,1514.5,1.1488744716406174,-1274.0,1.0904659353874069
200,4.0,5,145,0.5793103448275863,1697.5,1.3534249427441183,-656.0,2.3812275429542806
200,5.0,2,970,0.5752577319587628,9869.916666666668,1.299809896037687,-1060.0,2.069052063129236
200,5.0,3,584,0.571917808219178,5543.166666666668,1.275391239546245,-1000.0,1.9204270736345996
200,5.0,4,321,0.5763239875389408,3192.0,1.290538388021663,-914.0,2.012833608041191
200,5.0,5,174,0.5689655172413793,1645.0,1.2764241303982524,-582.0,1.9166212310050417
200,7.0,2,1014,0.5887573964497042,12336.041666666668,1.3698884456477063,-996.0,2.485555270371996
200,7.0,3,694,0.5821325648414986,7681.041666666668,1.328685667418495,-1106.5,2.246228571454245
200,7.0,4,484,0.5599173553719008,3548.875,1.2055992874160868,-1042.0,1.476095776588876
200,7.0,5,326,0.5521472392638037,2101.0,1.1789989350372736,-631.0,1.2970976147127815
250,2.0,2,736,0.5815217391304348,7971.0,1.3227713551051812,-1252.5,2.2067004763871347
250,2.0,3,271,0.5830258302583026,2951.5,1.3243228394044284,-919.5,2.21293541629475
250,2.0,4,95,0.6,1299.0,1.440264361972547,-406.5,2.8383838014621077
250,2.0,5,32,0.53125,-30.0,0.975609756097561,-274.5,-0.1887086027434054
250,3.0,2,841,0.5624256837098692,6759.5,1.2296571875106173,-996.5,1.629082746924239
250,3.0,3,402,0.5796019900497512,4235.0,1.3110082984504663,-738.0,2.1367089377633572
250,3.0,4,187,0.5721925133689839,1780.5,1.281769267289128,-934.0,1.9433319770342647
250,3.0,5,74,0.6081081081081081,1081.5,1.4697068403908795,-418.0,3.006037339489402
250,4.0,2,899,0.5639599555061179,7407.5,1.2356299901390082,-1362.5,1.668509582629477
250,4.0,3,513,0.5672514619883041,4284.0,1.2384902299170517,-1132.0,1.6866923988739766
250,4.0,4,285,0.5508771929824562,1680.0,1.1638225255972696,-1114.0,1.1909644542598952
250,4.0,5,149,0.5838926174496645,1849.5,1.3786079836233367,-738.0,2.528270916867281
250,5.0,2,952,0.5714285714285714,9039.416666666668,1.2767810894876106,-1060.0,1.9276724741845899
250,5.0,3,585,0.5675213675213675,5074.666666666668,1.248261241795426,-1000.0,1.7509933089457053
250,5.0,4,336,0.5833333333333334,3657.5,1.3232577665827037,-914.0,2.210074468294624
250,5.0,5,186,0.5752688172043011,1941.0,1.309125656951744,-582.0,2.1181275893408165
250,7.0,2,1001,0.5844155844155844,11398.291666666668,1.3419295164646992,-996.0,2.3216812890146805
250,7.0,3,688,0.5784883720930233,7082.041666666668,1.3021934355170495,-1106.5,2.0859216143574533
250,7.0,4,486,0.5576131687242798,3320.375,1.1905510003515039,-1042.0,1.375725966647171
250,7.0,5,333,0.5615615615615616,2582.5,1.220021299254526,-586.0,1.5659155572594052
300,2.0,2,735,0.582312925170068,7945.0,1.3218879773118606,-1252.5,2.2020544246993765
300,2.0,3,278,0.5719424460431655,2537.5,1.2645295804013552,-919.5,1.8477089560484719
300,2.0,4,101,0.6237623762376238,1767.0,1.5988815455007626,-406.5,3.668623800993315
300,2.0,5,35,0.5714285714285714,204.0,1.1658536585365853,-250.5,1.1776012245096594
300,3.0,2,834,0.565947242206235,7065.5,1.2435539469148569,-996.5,1.7183047684023438
300,3.0,3,409,0.5745721271393643,3981.0,1.2838097953945962,-738.0,1.9707247877087066
300,3.0,4,194,0.5824742268041238,2166.5,1.3384627401968443,-926.0,2.2855436361204067
300,3.0,5,81,0.6296296296296297,1467.5,1.615433004822814,-418.0,3.7631280638879834
300,4.0,2,886,0.5688487584650113,7903.166666666668,1.2576979511983044,-1362.5,1.8085098850662555
300,4.0,3,523,0.5659655831739961,4392.166666666668,1.2407348199033517,-1132.0,1.6991417361933752
300,4.0,4,292,0.5582191780821918,2066.0,1.1998645641869015,-1118.0,1.4313663945092852
300,4.0,5,162,0.5864197530864198,2063.5,1.3897072710103873,-738.0,2.59444742506582
300,5.0,2,933,0.5766345123258306,9472.333333333336,1.2986312166671046,-1060.0,2.062899557615541
300,5.0,3,593,0.5699831365935919,5506.833333333336,1.2689321178577244,-1000.0,1.8793337925745213
300,5.0,4,341,0.592375366568915,4207.5,1.3745826841753839,-914.0,2.5129407485395423
300,5.0,5,197,0.583756345177665,2319.0,1.3554022988505747,-582.0,2.39480137417136
300,7.0,2,977,0.5885363357215967,11601.208333333336,1.3590227963467048,-996.0,2.4229348676851887
300,7.0,3,686,0.5787172011661808,7145.208333333336,1.3067364500959642,-1106.5,2.1126124495802108
300,7.0,4,491,0.5560081466395111,3161.375,1.1782047758964493,-1042.0,1.2943538985478664
300,7.0,5,340,0.5676470588235294,2899.5,1.2438911553181646,-586.0,1.7211874545042836
