stop,target,n_trades,win_rate,net_dollars,profit_factor,max_drawdown_dollars
20,20,398,0.6130653266331658,2771.0,1.428416821273964,-568.0
20,25,398,0.5452261306532663,2806.5,1.3709112535518404,-745.5
20,30,398,0.4949748743718593,2993.0,1.357159904534606,-1029.5
20,35,398,0.457286432160804,3263.0,1.3621531631520534,-1219.5
20,40,398,0.40954773869346733,2783.0,1.2837479608482871,-1249.5
20,45,398,0.3844221105527638,3044.5,1.2976632772780603,-1238.0
20,50,398,0.37185929648241206,3774.5,1.3616114198122247,-1208.0
20,55,398,0.35678391959798994,4241.5,1.3967726847521047,-1198.0
20,60,398,0.3341708542713568,4044.0,1.365377665341525,-1048.0
25,20,398,0.6507537688442211,2581.0,1.3570835639180963,-758.0
25,25,398,0.585427135678392,2606.5,1.3054074638233053,-969.5
25,30,398,0.535175879396985,2763.0,1.2896833717760536,-1289.5
25,35,398,0.5,3163.0,1.3081044223650886,-1489.5
25,40,398,0.45979899497487436,3053.0,1.2750946116417372,-1379.5
25,45,398,0.4296482412060301,3134.5,1.2674031735198772,-1350.0
25,50,398,0.4120603015075377,3694.5,1.3056842627833858,-1278.0
25,55,398,0.3944723618090452,4061.0,1.3261847389558232,-1238.0
25,60,398,0.36683417085427134,3607.5,1.277756390514321,-1070.0
30,20,398,0.7060301507537688,3391.0,1.4674662255307416,-728.0
30,25,398,0.6381909547738693,3296.5,1.3723806834227619,-995.5
30,30,398,0.5904522613065326,3561.5,1.3567207532051282,-1319.0
30,35,398,0.5527638190954773,3901.5,1.3574766355140186,-1529.0
30,40,398,0.5100502512562815,3691.5,1.3084475267379678,-1321.0
30,45,398,0.4723618090452261,3436.5,1.2673382862032752,-1331.5
30,50,398,0.4547738693467337,4086.5,1.3075215411822252,-1361.5
30,55,398,0.4296482412060301,4033.0,1.2899665672071037,-1621.0
30,60,398,0.3944723618090452,3010.5,1.2043441371118275,-1399.5
35,20,398,0.7361809045226131,3607.5,1.481417228264496,-786.0
35,25,398,0.6708542713567839,3503.0,1.3778856526429342,-721.0
35,30,398,0.6206030150753769,3532.5,1.331581170507345,-962.5
35,35,398,0.585427135678392,3972.5,1.3406508596664237,-1130.5
35,40,398,0.5452261306532663,3862.5,1.3014398876185274,-1020.5
35,45,398,0.5050251256281407,3437.5,1.2470888441633123,-1073.5
35,50,398,0.4849246231155779,3967.5,1.2738473219215902,-1123.5
35,55,398,0.45979899497487436,3835.5,1.2522027880063125,-1247.0
35,60,398,0.4221105527638191,2658.5,1.1644246528744162,-1157.0
40,20,398,0.7437185929648241,2927.5,1.3532428355957768,-886.0
40,25,398,0.6834170854271356,2875.5,1.284900426037848,-760.0
40,30,398,0.6432160804020101,3315.0,1.2923667151739648,-911.5
40,35,398,0.6105527638190955,3845.0,1.3099681567173203,-940.5
40,40,398,0.5703517587939698,3665.0,1.2671964422410964,-800.5
40,45,398,0.5376884422110553,3629.5,1.2465860452476392,-954.5
40,50,398,0.5175879396984925,4189.5,1.2724878048780488,-988.0
40,55,398,0.49246231155778897,4067.5,1.2511577647422043,-1101.5
40,60,398,0.45979899497487436,3181.5,1.1858189995035482,-991.5
45,20,398,0.7562814070351759,2567.5,1.2905233380480905,-1066.5
45,25,398,0.6984924623115578,2495.5,1.2319022395688133,-1056.0
45,30,398,0.6633165829145728,3145.0,1.2626853205262059,-1257.5
45,35,398,0.635678391959799,3896.5,1.3000885671377411,-969.5
45,40,398,0.5954773869346733,3627.5,1.2514557049771247,-938.5
45,45,398,0.5603015075376885,3372.0,1.2155941306224225,-1070.5
45,50,398,0.535175879396985,3542.0,1.213882431086018,-940.5
45,55,398,0.5100502512562815,3370.0,1.1927862475329654,-1298.5
45,60,398,0.47738693467336685,2424.0,1.1309067343522168,-1222.5
50,20,398,0.7713567839195979,2447.5,1.2664525611017365,-1376.5
50,25,398,0.7135678391959799,2324.0,1.2071208947907848,-1386.0
50,30,398,0.678391959798995,2903.5,1.2311335774558192,-1627.5
50,35,398,0.6507537688442211,3609.0,1.2649293448339145,-1349.5
50,40,398,0.6130653266331658,3420.0,1.226310217046056,-1173.5
50,45,398,0.5829145728643216,3474.5,1.2137824950007692,-1310.5
50,50,398,0.5603015075376885,3824.5,1.2227366704522291,-1394.5
50,55,398,0.535175879396985,3642.5,1.2002418845001512,-1768.5
50,60,398,0.5025125628140703,2676.5,1.1384134043543466,-1864.0
55,20,398,0.7814070351758794,2147.5,1.222827496757458,-1536.5
55,25,398,0.7261306532663316,2034.0,1.1730990170631037,-1556.0
55,30,398,0.6909547738693468,2578.5,1.195681869924869,-1657.5
55,35,398,0.6608040201005025,3110.5,1.2161119988883484,-1405.5
55,40,398,0.6206030150753769,2631.5,1.163097709876352,-1378.5
55,45,398,0.5904522613065326,2606.0,1.1498993385102099,-1550.5
55,50,398,0.5678391959798995,2896.0,1.1574512042624912,-1524.5
55,55,398,0.5402010050251256,2424.0,1.123515923566879,-1842.5
55,60,398,0.507537688442211,1368.0,1.065512535019036,-2124.0
60,20,398,0.7914572864321608,2001.0,1.2013888888888888,-1459.0
60,25,398,0.7386934673366834,1917.5,1.1583794499050137,-1466.5
60,30,398,0.7085427135678392,2843.0,1.2134624770056688,-1574.0
60,35,398,0.6809045226130653,3569.0,1.2465034361294334,-1276.0
60,40,398,0.6432160804020101,3139.5,1.1932237813884785,-1208.5
60,45,398,0.6155778894472361,3284.0,1.1878020187001401,-1370.5
60,50,398,0.592964824120603,3564.0,1.191772713820657,-1320.5
60,55,398,0.5678391959798995,3219.0,1.162538816935545,-1729.0
60,60,398,0.5376884422110553,2322.5,1.1103377832676136,-1873.5
